seq,timestamp,x,y
1,0.29999997,-6.0,-4.5
2,0.39999996,-5.98793363571167,-4.500253200531006
3,0.49999995,-5.960978031158447,-4.501920223236084
4,0.59999994,-5.917564868927002,-4.506001949310303
5,0.69999993,-5.865664958953857,-4.514288425445557
6,0.79999992,-5.796370506286621,-4.527231216430664
7,0.89999991,-5.711528778076172,-4.543873310089111
8,0.9999999,-5.6502227783203125,-4.555369853973389
9,1.09999989,-5.582857608795166,-4.566863536834717
10,1.19999988,-5.504973411560059,-4.579080104827881
11,1.29999987,-5.424057483673096,-4.593751430511475
12,1.3999998599999999,-5.3420305252075195,-4.6100969314575195
13,1.49999985,-5.25831413269043,-4.631173133850098
14,1.59999984,-5.169841766357422,-4.654001235961914
15,1.6999998299999999,-5.093311309814453,-4.672151565551758
16,1.79999982,-5.028822898864746,-4.688982009887695
17,1.89999981,-4.943957805633545,-4.716335773468018
18,1.9999997999999999,-4.845607280731201,-4.7504496574401855
19,2.09999979,-4.741816997528076,-4.7856855392456055
20,2.19999978,-4.638432502746582,-4.823317527770996
21,2.29999977,-4.534873962402344,-4.860505104064941
22,2.39999976,-4.432473182678223,-4.900720119476318
23,2.49999975,-4.33080530166626,-4.942726135253906
24,2.59999974,-4.228968620300293,-4.984385013580322
25,2.69999973,-4.126144886016846,-5.023525714874268
26,2.7999997199999997,-4.023654460906982,-5.063513278961182
27,2.89999971,-3.9202098846435547,-5.1010847091674805
28,2.9999997,-3.815216064453125,-5.134008884429932
29,3.09999969,-3.7103195190429688,-5.167304515838623
30,3.19999968,-3.6068174839019775,-5.204627513885498
31,3.29999967,-3.5037574768066406,-5.243245601654053
32,3.3999996599999998,-3.402188777923584,-5.285529613494873
33,3.49999965,-3.2999706268310547,-5.326366424560547
34,3.59999964,-3.195460557937622,-5.3610076904296875
35,3.6999996299999998,-3.0897769927978516,-5.3915696144104
36,3.79999962,-2.983623504638672,-5.42048978805542
37,3.89999961,-2.8779189586639404,-5.450953483581543
38,3.9999995999999998,-2.772246837615967,-5.481661319732666
39,4.09999959,-2.6674489974975586,-5.515113830566406
40,4.19999958,-2.562216281890869,-5.547271251678467
41,4.29999957,-2.4554882049560547,-5.574287414550781
42,4.39999956,-2.347257614135742,-5.5944952964782715
43,4.49999955,-2.2383532524108887,-5.610069751739502
44,4.59999954,-2.1293883323669434,-5.625319480895996
45,4.69999953,-2.020864725112915,-5.6434431076049805
46,4.79999952,-1.9124253988265991,-5.662160396575928
47,4.89999951,-1.80452561378479,-5.683601379394531
48,4.9999995,-1.6967779397964478,-5.706025123596191
49,5.09999949,-1.5900499820709229,-5.732760906219482
50,5.19999948,-1.482938528060913,-5.758012294769287
51,5.39999946,-1.267680287361145,-5.803526401519775
52,5.49999945,-1.1604901552200317,-5.82824182510376
53,5.59999944,-1.0533134937286377,-5.853053092956543
54,5.69999943,-0.9456135034561157,-5.875537395477295
55,5.79999942,-0.8370771408081055,-5.893843650817871
56,5.89999941,-0.7274916768074036,-5.905189514160156
57,5.9999994,-0.6174485087394714,-5.908102989196777
58,6.09999939,-0.5073195695877075,-5.905801773071289
59,6.19999938,-0.4245518445968628,-5.898654937744141
60,6.29999937,-0.3397848606109619,-5.889636039733887
61,6.39999936,-0.25247934460639954,-5.882566928863525
62,6.49999935,-0.16275721788406372,-5.880849361419678
63,6.59999934,-0.06199389696121216,-5.883858680725098
64,6.69999933,0.04803800582885742,-5.885814189910889
65,6.7999993199999995,0.15805208683013916,-5.881511688232422
66,6.89999931,0.24081295728683472,-5.874666690826416
67,6.9999993,0.3284273147583008,-5.866615295410156
68,7.09999929,0.4031069874763489,-5.859163284301758
69,7.19999928,0.4675103425979614,-5.855242729187012
70,7.29999927,0.5529547929763794,-5.852641582489014
71,7.39999926,0.6534633636474609,-5.850671291351318
72,7.49999925,0.7609559297561646,-5.853458881378174
73,7.59999924,0.8710156083106995,-5.8547844886779785
74,7.6999992299999995,0.980991542339325,-5.851476669311523
75,7.79999922,1.0910518169403076,-5.849677085876465
76,7.89999921,1.2010211944580078,-5.854213237762451
77,7.9999991999999995,1.3108580112457275,-5.860422134399414
78,8.09999919,1.420823574066162,-5.864031791687012
79,8.19999918,1.530811071395874,-5.866955757141113
80,8.29999917,1.6408109664916992,-5.8691277503967285
81,8.39999916,1.750717043876648,-5.874027729034424
82,8.49999915,1.8606419563293457,-5.878270149230957
83,8.59999914,1.970698595046997,-5.879588603973389
84,8.69999913,2.080671787261963,-5.876084327697754
85,8.79999912,2.1906070709228516,-5.8722710609436035
86,8.89999911,2.3005590438842773,-5.868056297302246
87,8.9999991,2.410590887069702,-5.867565631866455
88,9.09999909,2.52057147026062,-5.870100498199463
89,9.19999908,2.630568265914917,-5.872598171234131
90,9.29999907,2.7406275272369385,-5.8712334632873535
91,9.39999906,2.8504419326782227,-5.8630452156066895
92,9.49999905,2.9596288204193115,-5.849563121795654
93,9.59999904,3.068995475769043,-5.837260723114014
94,9.69999903,3.1787874698638916,-5.8299736976623535
95,9.79999902,3.2886805534362793,-5.824645042419434
96,9.89999901,3.398399591445923,-5.8151960372924805
97,9.999999,3.5071277618408203,-5.797443389892578
98,10.09999899,3.6141226291656494,-5.771541118621826
99,10.19999898,3.720149517059326,-5.742144584655762
100,10.29999897,3.8268349170684814,-5.714900970458984
101,10.39999896,3.935039758682251,-5.694704532623291
102,10.49999895,4.043717384338379,-5.677623271942139
103,10.59999894,4.152559280395508,-5.661689758300781
104,10.69999893,4.261075496673584,-5.643311977386475
105,10.79999892,4.3687520027160645,-5.620707988739014
106,10.89999891,4.476339817047119,-5.597583770751953
107,10.9999989,4.583291530609131,-5.571826934814453
108,11.09999889,4.689913749694824,-5.544522285461426
109,11.19999888,4.795476913452148,-5.51353645324707
110,11.29999887,4.901087284088135,-5.482696533203125
111,11.39999886,5.006103992462158,-5.449888229370117
112,11.49999885,5.111611366271973,-5.418728828430176
113,11.59999884,5.216655731201172,-5.386000633239746
114,11.69999883,5.320366859436035,-5.3491716384887695
115,11.79999882,5.422532081604004,-5.308326244354248
116,11.89999881,5.524407863616943,-5.2667717933654785
117,11.9999988,5.62544059753418,-5.223211288452148
118,12.09999879,5.727757453918457,-5.182528972625732
119,12.19999878,5.832111358642578,-5.147624492645264
120,12.29999877,5.936642646789551,-5.113280296325684
121,12.39999876,6.039957046508789,-5.0754218101501465
122,12.49999875,6.141951560974121,-5.03415060043335
123,12.59999874,6.243480205535889,-4.991734981536865
124,12.69999873,6.343799591064453,-4.94655179977417
125,12.79999872,6.4446234703063965,-4.902558326721191
126,12.89999871,6.546661376953125,-4.861220836639404
127,12.9999987,6.650625228881836,-4.8251800537109375
128,13.09999869,6.754310131072998,-4.7883405685424805
129,13.19999868,6.857319355010986,-4.749709606170654
130,13.29999867,6.960376739501953,-4.711177825927734
131,13.39999866,7.061766624450684,-4.6682868003845215
132,13.49999865,7.160712718963623,-4.620133399963379
133,13.59999864,7.258983135223389,-4.570591926574707
134,13.69999863,7.354530334472656,-4.51589298248291
135,13.79999862,7.446990966796875,-4.456225872039795
136,13.89999861,7.538910388946533,-4.395760536193848
137,13.9999986,7.62911319732666,-4.332749843597412
138,14.09999859,7.718766212463379,-4.26900577545166
139,14.19999858,7.8074631690979,-4.2039289474487305
140,14.29999857,7.894841194152832,-4.137090682983398
141,14.39999856,7.98154354095459,-4.069350242614746
142,14.49999855,8.069990158081055,-4.003905773162842
143,14.59999854,8.156824111938477,-3.9362597465515137
144,14.69999853,8.240489959716797,-3.864798069000244
145,14.79999852,8.325554847717285,-3.7949230670928955
146,14.89999851,8.414220809936523,-3.7297487258911133
147,14.9999985,8.503488540649414,-3.6654574871063232
148,15.09999849,8.592870712280273,-3.6012792587280273
149,15.19999848,8.684078216552734,-3.5397424697875977
150,15.29999847,8.773630142211914,-3.4757492542266846
151,15.39999846,8.860215187072754,-3.4078516960144043
152,15.49999845,8.94693374633789,-3.3401148319244385
153,15.59999844,9.036078453063965,-3.2756078243255615
154,15.69999843,9.1250581741333,-3.210841417312622
155,15.79999842,9.21210765838623,-3.1435768604278564
156,15.89999841,9.298437118530273,-3.0753073692321777
157,15.999998399999999,9.381725311279297,-3.0034027099609375
158,16.09999839,9.464996337890625,-2.9315268993377686
159,16.19999838,9.54747200012207,-2.858701229095459
160,16.29999837,9.62983226776123,-2.785747766494751
161,16.39999836,9.710342407226562,-2.7107489109039307
162,16.49999835,9.789819717407227,-2.634673595428467
163,16.59999834,9.8710298538208,-2.560462713241577
164,16.69999833,9.953295707702637,-2.487436056137085
165,16.79999832,10.035014152526855,-2.41375470161438
166,16.89999831,10.114412307739258,-2.3375866413116455
167,16.9999983,10.1942777633667,-2.261941909790039
168,17.09999829,10.273496627807617,-2.185537099838257
169,17.19999828,10.348671913146973,-2.1051578521728516
170,17.29999827,10.42270278930664,-2.02378511428833
171,17.39999826,10.494094848632812,-1.9399305582046509
172,17.49999825,10.558345794677734,-1.8503738641738892
173,17.59999824,10.613476753234863,-1.7548906803131104
174,17.69999823,10.65849494934082,-1.654231309890747
175,17.79999822,10.692688941955566,-1.549363136291504
176,17.89999821,10.714447975158691,-1.4411460161209106
177,17.9999982,10.723033905029297,-1.331227421760559
178,18.09999819,10.7242431640625,-1.221186637878418
179,18.19999818,10.723434448242188,-1.1111702919006348
180,18.29999817,10.71912956237793,-1.001225471496582
181,18.39999816,10.709636688232422,-0.8914694786071777
182,18.49999815,10.696815490722656,-0.8093819618225098
183,18.59999814,10.682188034057617,-0.7238256335258484
184,18.69999813,10.667181968688965,-0.6343775987625122
185,18.79999812,10.655781745910645,-0.5713309645652771
186,18.89999811,10.645788192749023,-0.5003856420516968
187,18.9999981,10.638559341430664,-0.41113799810409546
188,19.09999809,10.63139533996582,-0.310062974691391
189,19.19999808,10.623250007629395,-0.23350682854652405
190,19.29999807,10.6109037399292,-0.1516716182231903
191,19.39999806,10.60124397277832,-0.08771976828575134
192,19.49999805,10.591689109802246,-0.01918816566467285
193,19.59999804,10.583965301513672,0.06311827898025513
194,19.69999803,10.57526969909668,0.15572190284729004
195,19.79999802,10.569686889648438,0.22207331657409668
196,19.89999801,10.567439079284668,0.2870740294456482
197,19.999998,10.564619064331055,0.3790621757507324
198,20.09999799,10.558406829833984,0.4770885705947876
199,20.19999798,10.553707122802734,0.5562143325805664
200,20.29999797,10.548619270324707,0.6368012428283691
201,20.39999796,10.545367240905762,0.735473096370697
202,20.49999795,10.543697357177734,0.8397890329360962
203,20.59999794,10.541009902954102,0.9480077624320984
204,20.69999793,10.535239219665527,1.041635274887085
205,20.79999792,10.530792236328125,1.1202597618103027
206,20.89999791,10.528555870056152,1.2157979011535645
207,20.9999979,10.527621269226074,1.3195747137069702
208,21.09999789,10.526695251464844,1.4054597616195679
209,21.19999788,10.527636528015137,1.4957690238952637
210,21.29999787,10.52927303314209,1.5996086597442627
211,21.39999786,10.533624649047852,1.7092115879058838
212,21.49999785,10.535712242126465,1.8192741870880127
213,21.59999784,10.533602714538574,1.9022955894470215
214,21.69999783,10.531268119812012,1.9927945137023926
215,21.79999782,10.531839370727539,2.0981554985046387
216,21.89999781,10.530872344970703,2.208115577697754
217,21.9999978,10.52800178527832,2.297121524810791
218,22.09999779,10.526673316955566,2.383106231689453
219,22.19999778,10.526692390441895,2.491641044616699
220,22.29999777,10.531342506408691,2.601573944091797
221,22.39999776,10.53748607635498,2.7114269733428955
222,22.49999775,10.541444778442383,2.8213813304901123
223,22.59999774,10.546795845031738,2.931267738342285
224,22.69999773,10.552505493164062,3.0411548614501953
225,22.79999772,10.560018539428711,3.1509130001068115
226,22.89999771,10.562887191772461,3.26102352142334
227,22.9999977,10.557524681091309,3.370981216430664
228,23.09999769,10.549020767211914,3.4806735515594482
229,23.19999768,10.541922569274902,3.5904688835144043
230,23.29999767,10.534516334533691,3.7002511024475098
231,23.39999766,10.53030014038086,3.810196876525879
232,23.49999765,10.524151802062988,3.9200599193573
233,23.59999764,10.515033721923828,4.029702663421631
234,23.69999763,10.50833797454834,4.139588832855225
235,23.79999762,10.508455276489258,4.249673843383789
236,23.89999761,10.51467227935791,4.359574317932129
237,23.9999976,10.524441719055176,4.46914529800415
238,24.09999759,10.53256893157959,4.5788702964782715
239,24.19999758,10.536274909973145,4.688885688781738
240,24.29999757,10.53337574005127,4.798923492431641
241,24.39999756,10.527840614318848,4.908784866333008
242,24.49999755,10.52114200592041,5.018588066101074
243,24.59999754,10.513838768005371,5.12838077545166
244,24.79999752,10.503226280212402,5.348148822784424
245,24.89999751,10.495097160339355,5.457873821258545
246,24.9999975,10.479471206665039,5.567171573638916
247,25.09999749,10.448555946350098,5.673355579376221
248,25.19999748,10.400887489318848,5.773252487182617
249,25.29999747,10.337930679321289,5.864047527313232
250,25.39999746,10.263895988464355,5.946034908294678
251,25.49999745,10.180542945861816,6.018167018890381
252,25.59999744,10.090987205505371,6.082597732543945
253,25.69999743,9.994807243347168,6.1364312171936035
254,25.79999742,9.894509315490723,6.182178020477295
255,25.89999741,9.790902137756348,6.219370365142822
256,25.9999974,9.685639381408691,6.251587390899658
257,26.09999739,9.577795028686523,6.27501916885376
258,26.19999738,9.467887878417969,6.2848219871521
259,26.29999737,9.357616424560547,6.283077716827393
260,26.39999736,9.248181343078613,6.269232749938965
261,26.49999735,9.141050338745117,6.243078708648682
262,26.59999734,9.036463737487793,6.208518028259277
263,26.69999733,8.934967994689941,6.1658124923706055
264,26.79999732,8.835479736328125,6.1186628341674805
265,26.89999731,8.739716529846191,6.0640058517456055
266,26.9999973,8.650035858154297,6.000007629394531
267,27.09999729,8.564645767211914,5.930478572845459
268,27.19999728,8.485630989074707,5.8534698486328125
269,27.29999727,8.428505897521973,5.784952163696289
270,27.39999726,8.374764442443848,5.712825298309326
271,27.49999725,8.333627700805664,5.659556865692139
272,27.59999724,8.285176277160645,5.602699279785156
273,27.69999723,8.228392601013184,5.53516960144043
274,27.79999722,8.169511795043945,5.460427761077881
275,27.89999721,8.128018379211426,5.406157970428467
276,27.9999972,8.083704948425293,5.344717979431152
277,28.09999719,8.034509658813477,5.278304100036621
278,28.19999718,7.9916791915893555,5.217629909515381
279,28.29999717,7.951816558837891,5.160457134246826
280,28.39999716,7.908909797668457,5.098443984985352
281,28.49999715,7.86367130279541,5.0383219718933105
282,28.59999714,7.829192161560059,4.994601249694824
283,28.69999713,7.781981945037842,4.938049793243408
284,28.79999712,7.7318291664123535,4.876515865325928
285,28.89999711,7.692544937133789,4.8239827156066895
286,28.9999971,7.661715984344482,4.782097816467285
287,29.09999709,7.618671417236328,4.725377082824707
288,29.19999708,7.571831226348877,4.668338298797607
289,29.29999707,7.524558067321777,4.609316825866699
290,29.39999706,7.486026287078857,4.558469772338867
291,29.49999705,7.4578375816345215,4.522419452667236
292,29.59999704,7.417259216308594,4.475622177124023
293,29.69999703,7.366750240325928,4.4230852127075195
294,29.79999702,7.311649799346924,4.368133068084717
295,29.89999701,7.271371841430664,4.32855749130249
296,29.999997,7.227967262268066,4.285805702209473
297,30.09999699,7.178962707519531,4.236449241638184
298,30.19999698,7.140897274017334,4.197058200836182
299,30.29999697,7.106116771697998,4.162927150726318
300,30.39999696,7.054136276245117,4.11311149597168
301,30.49999695,6.996699810028076,4.061010837554932
302,30.59999694,6.9551897048950195,4.024238586425781
303,30.69999693,6.908670902252197,3.986542224884033
304,30.79999692,6.851213455200195,3.940945863723755
305,30.89999691,6.784593105316162,3.8899483680725098
306,30.9999969,6.711438179016113,3.838834047317505
307,31.09999689,6.63427209854126,3.7857038974761963
308,31.19999688,6.562512397766113,3.7338552474975586
309,31.29999687,6.507646083831787,3.6920247077941895
310,31.39999686,6.4426493644714355,3.643993377685547
311,31.49999685,6.369832515716553,3.595559597015381
312,31.59999684,6.2885284423828125,3.550549030303955
313,31.69999683,6.195608615875244,3.5020010471343994
314,31.79999682,6.1114888191223145,3.455899477005005
315,31.89999681,6.031437397003174,3.4118387699127197
316,31.9999968,5.947151184082031,3.3639190196990967
317,32.09999679,5.85926628112793,3.3165340423583984
318,32.19999678,5.770109176635742,3.268080711364746
319,32.29999677,5.68502140045166,3.2162551879882812
320,32.39999676,5.613597393035889,3.17224383354187
321,32.49999675,5.532412052154541,3.126418352127075
322,32.59999674,5.4529643058776855,3.0817155838012695
323,32.69999673,5.386493682861328,3.044574737548828
324,32.79999672,5.311535835266113,3.0054404735565186
325,32.89999671,5.229974269866943,2.9614031314849854
326,32.9999967,5.163691520690918,2.923797130584717
327,33.09999669,5.093383312225342,2.882356643676758
328,33.19999668,5.030224800109863,2.8472564220428467
329,33.29999667,4.973245620727539,2.816584348678589
330,33.39999666,4.9036078453063965,2.777790069580078
331,33.49999665,4.84772253036499,2.7481818199157715
332,33.59999664,4.790334224700928,2.718316078186035
333,33.69999663,4.721285820007324,2.6822328567504883
334,33.79999662,4.646549224853516,2.646674871444702
335,33.89999661,4.568916320800781,2.6102750301361084
336,33.9999966,4.512790679931641,2.583155393600464
337,34.09999659,4.456038475036621,2.5574800968170166
338,34.19999658,4.386570453643799,2.524829149246216
339,34.29999657,4.317276954650879,2.4936139583587646
340,34.39999656,4.258297443389893,2.4689087867736816
341,34.49999655,4.187784671783447,2.440711259841919
342,34.59999654,4.130983352661133,2.418412446975708
343,34.69999653,4.07473611831665,2.399087905883789
344,34.79999652,3.9995386600494385,2.375002145767212
345,34.89999651,3.9156835079193115,2.3447558879852295
346,34.9999965,3.8576102256774902,2.3214735984802246
347,35.09999649,3.794034004211426,2.2959330081939697
348,35.19999648,3.7225284576416016,2.2666971683502197
349,35.29999647,3.66726016998291,2.246094226837158
350,35.39999646,3.6115915775299072,2.2267558574676514
351,35.49999645,3.5443320274353027,2.201904535293579
352,35.59999644,3.495184898376465,2.185905933380127
353,35.69999643,3.4377918243408203,2.1721065044403076
354,35.79999642,3.3654751777648926,2.1566309928894043
355,35.89999641,3.2787129878997803,2.1362485885620117
356,35.9999964,3.2092080116271973,2.1163434982299805
357,36.09999639,3.1410374641418457,2.09728741645813
358,36.19999638,3.062042236328125,2.0787131786346436
359,36.29999637,2.9809679985046387,2.0609350204467773
360,36.39999636,2.925663471221924,2.0477495193481445
361,36.49999635,2.8649721145629883,2.031595230102539
362,36.59999634,2.797335624694824,2.0150227546691895
363,36.69999633,2.7196297645568848,1.9997674226760864
364,36.79999632,2.6584153175354004,1.9893192052841187
365,36.89999631,2.5973784923553467,1.9779815673828125
366,36.9999963,2.527249336242676,1.9629971981048584
367,37.09999629,2.47157621383667,1.9523416757583618
368,37.19999628,2.4140405654907227,1.9445768594741821
369,37.29999627,2.3474578857421875,1.9367955923080444
370,37.39999626,2.2685699462890625,1.9276337623596191
371,37.49999625,2.205517292022705,1.9196738004684448
372,37.59999624,2.1409912109375,1.9115501642227173
373,37.699996229999996,2.068094491958618,1.9042013883590698
374,37.79999622,2.016162157058716,1.8988412618637085
375,37.89999621,1.9611430168151855,1.8950837850570679
376,37.9999962,1.8896312713623047,1.8908820152282715
377,38.09999619,1.810978651046753,1.8857762813568115
378,38.19999618,1.751425862312317,1.8834198713302612
379,38.29999617,1.6933925151824951,1.8812215328216553
380,38.39999616,1.6218140125274658,1.8813563585281372
381,38.49999615,1.5406086444854736,1.8833531141281128
382,38.59999614,1.4588239192962646,1.888966679573059
383,38.69999613,1.3721249103546143,1.8945958614349365
384,38.79999612,1.301253318786621,1.8975480794906616
385,38.899996110000004,1.2334527969360352,1.9010471105575562
386,38.9999961,1.1552822589874268,1.9035449028015137
387,39.09999609,1.0921597480773926,1.9071539640426636
388,39.19999608,1.0310428142547607,1.9151045083999634
389,39.29999607,0.9524115324020386,1.9272083044052124
390,39.39999606,0.8654512763023376,1.9410338401794434
391,39.49999605,0.7766870856285095,1.9553757905960083
392,39.59999604,0.7112889885902405,1.9648088216781616
393,39.69999603,0.6412652134895325,1.9731833934783936
394,39.79999602,0.5626298189163208,1.9852410554885864
395,39.89999601,0.4751490354537964,2.0043718814849854
396,39.999996,0.3788928985595703,2.026592493057251
397,40.09999599,0.29910433292388916,2.0438477993011475
398,40.19999598,0.22632697224617004,2.0578372478485107
399,40.29999597,0.15449592471122742,2.068838119506836
400,40.39999596,0.09014981985092163,2.0791351795196533
401,40.49999595,0.010254502296447754,2.095752239227295
402,40.59999594,-0.07452476024627686,2.1135849952697754
403,40.69999593,-0.13360846042633057,2.125021457672119
404,40.79999592,-0.2029552459716797,2.1386139392852783
405,40.89999591,-0.2853398323059082,2.160160541534424
406,40.9999959,-0.37661004066467285,2.1928443908691406
407,41.09999589,-0.473807692527771,2.2321178913116455
408,41.19999588,-0.5765594840049744,2.2716236114501953
409,41.29999587,-0.6612290143966675,2.2992711067199707
410,41.39999586,-0.7491524815559387,2.3263368606567383
411,41.49999585,-0.8142125010490417,2.346343994140625
412,41.59999584,-0.8798375725746155,2.369262456893921
413,41.69999583,-0.9549960494041443,2.3966727256774902
414,41.79999582,-1.0420105457305908,2.4311139583587646
415,41.89999581,-1.1320655345916748,2.4735684394836426
416,41.9999958,-1.2303178310394287,2.523049831390381
417,42.09999579,-1.3297240734100342,2.5703210830688477
418,42.19999578,-1.4312536716461182,2.6127352714538574
419,42.29999577,-1.5333809852600098,2.6536738872528076
420,42.39999576,-1.6116209030151367,2.681621789932251
421,42.49999575,-1.692496657371521,2.7062788009643555
422,42.59999574,-1.7641737461090088,2.724916458129883
423,42.69999573,-1.8374476432800293,2.7431113719940186
424,42.79999572,-1.8949503898620605,2.756572723388672
425,42.89999571,-1.9476319551467896,2.770557403564453
426,42.9999957,-2.0200490951538086,2.7922046184539795
427,43.09999569,-2.1036839485168457,2.8227665424346924
428,43.19999568,-2.196681022644043,2.8577845096588135
429,43.29999567,-2.2733850479125977,2.8847413063049316
430,43.39999566,-2.354234218597412,2.9133036136627197
431,43.49999565,-2.441734790802002,2.9439902305603027
432,43.59999564,-2.538114547729492,2.9804329872131348
433,43.69999563,-2.624145269393921,3.013357162475586
434,43.79999562,-2.704343318939209,3.048656463623047
435,43.89999561,-2.7949864864349365,3.093318462371826
436,43.9999956,-2.8914027214050293,3.1425817012786865
437,44.09999559,-2.9875659942626953,3.1960127353668213
438,44.19999558,-3.084625482559204,3.2479305267333984
439,44.29999557,-3.1842288970947266,3.2947211265563965
440,44.39999556,-3.2851338386535645,3.3386831283569336
441,44.49999555,-3.387333869934082,3.379392147064209
442,44.59999554,-3.488478422164917,3.4228832721710205
443,44.69999553,-3.587125778198242,3.4716341495513916
444,44.79999552,-3.6853904724121094,3.521101713180542
445,44.89999551,-3.7838151454925537,3.570263385772705
446,44.9999955,-3.8815529346466064,3.6207921504974365
447,45.09999549,-3.981248617172241,3.667609453201294
448,45.19999548,-4.08469820022583,3.7056386470794678
449,45.29999547,-4.173512935638428,3.7301647663116455
450,45.39999546,-4.255766868591309,3.7502105236053467
451,45.49999545,-4.3395562171936035,3.7725937366485596
452,45.59999544,-4.426946640014648,3.79643177986145
453,45.69999543,-4.496325492858887,3.814727306365967
454,45.79999542,-4.564882278442383,3.8362009525299072
455,45.89999541,-4.64676570892334,3.8691933155059814
456,45.9999954,-4.743849754333496,3.9121971130371094
457,46.09999539,-4.844511985778809,3.9560694694519043
458,46.19999538,-4.9471635818481445,3.995767116546631
459,46.29999537,-5.031585693359375,4.024161338806152
460,46.39999536,-5.117367267608643,4.053120136260986
461,46.49999535,-5.214500904083252,4.090329170227051
462,46.59999534,-5.317474842071533,4.129088401794434
463,46.69999533,-5.42150354385376,4.164913654327393
464,46.79999532,-5.508350849151611,4.195418357849121
465,46.89999531,-5.593070030212402,4.2227301597595215
466,46.9999953,-5.6865057945251465,4.250777244567871
467,47.09999529,-5.766201972961426,4.276244163513184
468,47.19999528,-5.841545581817627,4.300474166870117
469,47.29999527,-5.930022239685059,4.332650184631348
470,47.39999526,-6.024610996246338,4.3709564208984375
471,47.49999525,-6.126002788543701,4.413727760314941
472,47.59999524,-6.226346015930176,4.458821773529053
473,47.69999523,-6.328204154968262,4.500661849975586
474,47.79999522,-6.43191385269165,4.537380218505859
475,47.89999521,-6.536227226257324,4.572371959686279
476,47.9999952,-6.61538028717041,4.59749698638916
477,48.09999519,-6.699481010437012,4.626888275146484
478,48.19999518,-6.79367733001709,4.6675705909729
479,48.29999517,-6.892915725708008,4.7150468826293945
480,48.39999516,-6.992503643035889,4.7618021965026855
481,48.49999515,-7.093841552734375,4.804769992828369
482,48.59999514,-7.197396278381348,4.84209680557251
483,48.69999513,-7.302403926849365,4.874947547912598
484,48.79999512,-7.407624244689941,4.90713357925415
485,48.89999511,-7.513941764831543,4.935490131378174
486,48.9999951,-7.593780040740967,4.9587721824646
487,49.09999509,-7.678903102874756,4.989606857299805
488,49.19999508,-7.777910232543945,5.0261077880859375
489,49.29999507,-7.882250785827637,5.0610222816467285
490,49.39999506,-7.986576080322266,5.095913410186768
491,49.49999505,-8.091086387634277,5.130346775054932
492,49.59999504,-8.193925857543945,5.1699347496032715
493,49.69999503,-8.293232917785645,5.217426300048828
494,49.79999502,-8.391010284423828,5.267856121063232
495,49.89999501,-8.490280151367188,5.315499305725098
496,49.999995,-8.5917387008667,5.358046054840088
497,50.09999499,-8.694028854370117,5.398647308349609
498,50.19999498,-8.797579765319824,5.435789108276367
499,50.29999497,-8.901507377624512,5.471937656402588
500,50.39999496,-9.007034301757812,5.503288745880127
501,50.49999495,-9.114041328430176,5.528963565826416
502,50.59999494,-9.221427917480469,5.552875995635986
503,50.69999493,-9.3296537399292,5.572897911071777
504,50.79999492,-9.438603401184082,5.588288307189941
505,50.89999491,-9.547517776489258,5.603710174560547
506,50.9999949,-9.65612506866455,5.6216888427734375
507,51.09999489,-9.76386547088623,5.643924236297607
508,51.19999488,-9.871228218078613,5.668219089508057
509,51.29999487,-9.977036476135254,5.6985039710998535
510,51.39999486,-10.082497596740723,5.729914665222168
511,51.49999485,-10.189839363098145,5.7551798820495605
512,51.59999484,-10.298908233642578,5.770330905914307
513,51.69999483,-10.408474922180176,5.780395984649658
514,51.79999482,-10.518036842346191,5.79022741317749
515,51.89999481,-10.627717018127441,5.799064636230469
516,51.9999948,-10.737592697143555,5.804712295532227
517,52.09999479,-10.847378730773926,5.8116559982299805
518,52.19999478,-10.957137107849121,5.8190412521362305
519,52.29999477,-11.06705093383789,5.824039936065674
520,52.39999476,-11.171102523803711,5.82532262802124
521,52.49999475,-11.263191223144531,5.828369140625
522,52.59999474,-11.368178367614746,5.839320182800293
523,52.69999473,-11.477352142333984,5.852871894836426
524,52.79999472,-11.58670425415039,5.86485481262207
525,52.89999471,-11.696261405944824,5.874819278717041
526,52.9999947,-11.806055068969727,5.882094383239746
527,53.09999469,-11.916001319885254,5.886168956756592
528,53.19999468,-12.025894165039062,5.8929948806762695
529,53.29999467,-12.135092735290527,5.906767845153809
530,53.39999466,-12.243922233581543,5.922796726226807
531,53.49999465,-12.353155136108398,5.936487197875977
532,53.59999464,-12.463052749633789,5.943317413330078
533,53.69999463,-12.5730562210083,5.944986820220947
534,53.79999462,-12.683069229125977,5.944997310638428
535,53.89999461,-12.79305362701416,5.9423508644104
536,53.9999946,-12.902931213378906,5.936801910400391
537,54.09999459,-13.012627601623535,5.928269863128662
538,54.19999458,-13.122620582580566,5.922810077667236
539,54.29999457,-13.232649803161621,5.923763751983643
540,54.39999456,-13.342594146728516,5.927547454833984
541,54.49999455,-13.452509880065918,5.93189001083374
542,54.59999454,-13.562517166137695,5.934323310852051
543,54.69999453,-13.672537803649902,5.933856010437012
544,54.79999452,-13.782557487487793,5.935206890106201
545,54.89999451,-13.892478942871094,5.940023899078369
546,54.9999945,-14.002363204956055,5.945742607116699
547,55.09999449,-14.112470626831055,5.9471259117126465
548,55.19999448,-14.222392082214355,5.94184684753418
549,55.29999447,-14.33206558227539,5.932071208953857
550,55.39999446,-14.440871238708496,5.915515422821045
551,55.49999445,-14.549266815185547,5.896668434143066
552,55.59999444,-14.658096313476562,5.880402088165283
553,55.69999443,-14.767415046691895,5.868003845214844
554,55.79999442,-14.877294540405273,5.86033821105957
555,55.89999441,-14.987316131591797,5.859107494354248
556,55.9999944,-15.0973482131958,5.8588337898254395
557,56.09999439,-15.20738697052002,5.852775573730469
558,56.19999438,-15.316413879394531,5.8374176025390625
559,56.29999437,-15.42491626739502,5.819218635559082
560,56.39999436,-15.53356647491455,5.801876544952393
561,56.49999435,-15.641587257385254,5.780663013458252
562,56.59999434,-15.748543739318848,5.75490665435791
563,56.69999433,-15.855594635009766,5.72938871383667
564,56.79999432,-15.963241577148438,5.706709861755371
565,56.89999431,-16.070545196533203,5.682186126708984
566,56.9999943,-16.176820755004883,5.65376615524292
567,57.09999429,-16.283557891845703,5.626888751983643
568,57.19999428,-16.391651153564453,5.606097221374512
569,57.29999427,-16.499996185302734,5.5867133140563965
570,57.39999426,-16.607006072998047,5.560372829437256
571,57.49999425,-16.710962295532227,5.523863792419434
572,57.59999424,-16.813045501708984,5.4828338623046875
573,57.69999423,-16.916032791137695,5.443934440612793
574,57.79999422,-17.02116584777832,5.411360740661621
575,57.89999421,-17.126628875732422,5.38008451461792
576,57.9999942,-17.23166275024414,5.347358226776123
577,58.09999419,-17.33660125732422,5.3142781257629395
578,58.19999418,-17.442520141601562,5.284533500671387
579,58.29999417,-17.549081802368164,5.2572102546691895
580,58.39999416,-17.655920028686523,5.230945587158203
581,58.49999415,-17.762697219848633,5.204424858093262
582,58.59999414,-17.869977951049805,5.1800103187561035
583,58.69999413,-17.976619720458984,5.1529388427734375
584,58.79999412,-18.082218170166016,5.121716022491455
585,58.89999411,-18.18499183654785,5.081645488739014
586,58.9999941,-18.28231430053711,5.029786109924316
587,59.09999409,-18.37630271911621,4.972611904144287
588,59.19999408,-18.46959114074707,4.914283752441406
589,59.29999407,-18.561721801757812,4.854142189025879
590,59.39999406,-18.6545352935791,4.795087814331055
591,59.49999405,-18.747682571411133,4.736489295959473
592,59.59999404,-18.842166900634766,4.680144786834717
593,59.69999403,-18.93670082092285,4.6238179206848145
594,59.79999402,-19.03350257873535,4.571488857269287
595,59.89999401,-19.13043212890625,4.519376277923584
596,59.999994,-19.225006103515625,4.463109970092773
597,60.09999399,-19.319149017333984,4.40614128112793
598,60.19999398,-19.414369583129883,4.35104513168335
599,60.29999397,-19.50889015197754,4.294758319854736
600,60.39999396,-19.602537155151367,4.236999034881592
601,60.49999395,-19.696435928344727,4.179664134979248
602,60.59999394,-19.78944969177246,4.120889186859131
603,60.69999393,-19.883493423461914,4.063798904418945
604,60.79999392,-19.97550392150879,4.003272533416748
605,60.89999391,-20.063344955444336,3.936976432800293
606,60.9999939,-20.149085998535156,3.867974042892456
607,61.09999389,-20.232059478759766,3.7957191467285156
608,61.19999388,-20.31626319885254,3.72480845451355
609,61.29999387,-20.4044132232666,3.658909320831299
610,61.39999386,-20.49505043029785,3.5963993072509766
611,61.49999385,-20.588356018066406,3.5381152629852295
612,61.59999384,-20.68130111694336,3.4792003631591797
613,61.69999383,-20.771007537841797,3.4152371883392334
614,61.79999382,-20.85550880432129,3.344695806503296
615,61.89999381,-20.93815803527832,3.2720742225646973
616,61.9999938,-21.022430419921875,3.2012715339660645
617,62.09999379,-21.10980796813965,3.134401798248291
618,62.19999378,-21.19739532470703,3.067798614501953
619,62.29999377,-21.283430099487305,2.9992175102233887
620,62.39999376,-21.370525360107422,2.93202543258667
621,62.49999375,-21.456377029418945,2.8631134033203125
622,62.59999374,-21.537670135498047,2.7888450622558594
623,62.69999373,-21.61546516418457,2.711059093475342
624,62.79999372,-21.691646575927734,2.631648540496826
625,62.89999371,-21.76416778564453,2.548833131790161
626,62.9999937,-21.832965850830078,2.4629807472229004
627,63.09999369,-21.90066909790039,2.376279592514038
628,63.19999368,-21.966951370239258,2.2884716987609863
629,63.29999367,-22.031763076782227,2.1995632648468018
630,63.39999366,-22.100698471069336,2.113619804382324
631,63.49999365,-22.175809860229492,2.033156394958496
632,63.59999364,-22.253116607666016,1.954892635345459
633,63.69999363,-22.3297119140625,1.875866174697876
634,63.79999362,-22.40225601196289,1.7930822372436523
635,63.89999361,-22.4700927734375,1.7063624858856201
636,63.9999936,-22.530961990356445,1.6144230365753174
637,64.09999359,-22.583534240722656,1.5176992416381836
638,64.19999358,-22.630327224731445,1.4179186820983887
639,64.29999357,-22.666467666625977,1.3136870861053467
640,64.39999356,-22.690338134765625,1.2059519290924072
641,64.49999355,-22.701045989990234,1.0960882902145386
642,64.59999354,-22.70016860961914,0.9859468936920166
643,64.69999353,-22.69142723083496,0.8761084079742432
644,64.79999352,-22.675649642944336,0.7822431921958923
645,64.89999351,-22.658979415893555,0.6992661356925964
646,64.9999935,-22.64471435546875,0.6148803234100342
647,65.09999349,-22.63518714904785,0.5240707397460938
648,65.19999348,-22.626262664794922,0.4268711805343628
649,65.29999347,-22.618566513061523,0.35404878854751587
650,65.39999346,-22.611103057861328,0.27372151613235474
651,65.49999345,-22.603036880493164,0.18085506558418274
652,65.59999344,-22.59775161743164,0.07862067222595215
653,65.69999343,-22.591419219970703,-0.026139020919799805
654,65.79999342,-22.584121704101562,-0.10990005731582642
655,65.89999341,-22.578800201416016,-0.1953507661819458
656,65.9999934,-22.577983856201172,-0.29739439487457275
657,66.09999339,-22.57674217224121,-0.4069216251373291
658,66.19999338,-22.572919845581055,-0.49889785051345825
659,66.29999337,-22.572351455688477,-0.5925273895263672
660,66.39999336,-22.578380584716797,-0.6993852257728577
661,66.49999335,-22.586074829101562,-0.8091242909431458
662,66.59999334,-22.589847564697266,-0.9191903471946716
663,66.69999333,-22.587657928466797,-1.029191017150879
664,66.79999332,-22.582603454589844,-1.1391143798828125
665,66.89999331,-22.57714080810547,-1.2219781875610352
666,66.9999933,-22.571626663208008,-1.3153047561645508
667,67.09999329,-22.564157485961914,-1.4130182266235352
668,67.19999328,-22.55587387084961,-1.4939029216766357
669,67.29999327,-22.55018424987793,-1.5735700130462646
670,67.39999326,-22.54880714416504,-1.6713299751281738
671,67.49999325,-22.54916763305664,-1.7781002521514893
672,67.59999324,-22.547452926635742,-1.888152837753296
673,67.69999323,-22.543357849121094,-1.9710922241210938
674,67.79999322,-22.53982162475586,-2.058560609817505
675,67.89999321,-22.538915634155273,-2.1659841537475586
676,67.9999932,-22.537395477294922,-2.2755486965179443
677,68.09999319,-22.532819747924805,-2.3644888401031494
678,68.19999318,-22.527793884277344,-2.4518539905548096
679,68.29999317,-22.52191162109375,-2.525672435760498
680,68.39999316,-22.516502380371094,-2.6024694442749023
681,68.49999315,-22.51136589050293,-2.6928751468658447
682,68.59999314,-22.508909225463867,-2.801342487335205
683,68.69999313,-22.507125854492188,-2.911376714706421
684,68.79999312,-22.510576248168945,-3.0213770866394043
685,68.89999311,-22.5140323638916,-3.1313629150390625
686,68.9999931,-22.515302658081055,-3.241368293762207
687,69.09999309,-22.5208683013916,-3.3513636589050293
688,69.19999308,-22.533946990966797,-3.460651397705078
689,69.29999307,-22.548673629760742,-3.5696942806243896
690,69.39999306,-22.559349060058594,-3.679231643676758
691,69.49999305,-22.565587997436523,-3.7890841960906982
692,69.59999304,-22.571767807006836,-3.8989124298095703
693,69.69999303,-22.57672882080078,-4.008819103240967
694,69.79999302,-22.578027725219727,-4.118850231170654
695,69.89999301,-22.57408332824707,-4.228869915008545
696,69.999993,-22.56473731994629,-4.338504314422607
697,70.09999299,-22.556148529052734,-4.448229789733887
698,70.19999298,-22.55169105529785,-4.5581583976745605
699,70.29999297,-22.54905128479004,-4.6681952476501465
700,70.39999296,-22.551605224609375,-4.778201580047607
701,70.49999295,-22.55372428894043,-4.888230323791504
702,70.59999294,-22.552175521850586,-4.998237609863281
703,70.69999293,-22.549541473388672,-5.108262062072754
704,70.79999292,-22.539365768432617,-5.218067646026611
705,70.89999291,-22.518234252929688,-5.326175689697266
706,70.9999929,-22.489675521850586,-5.432623863220215
707,71.09999289,-22.450437545776367,-5.535678863525391
708,71.19999288,-22.400123596191406,-5.633901119232178
709,71.29999287,-22.339157104492188,-5.725703716278076
710,71.39999286,-22.271390914916992,-5.812574863433838
711,71.49999285,-22.19598388671875,-5.893007278442383
712,71.59999284,-22.113630294799805,-5.966118335723877
713,71.69999283,-22.027353286743164,-6.034629821777344
714,71.79999282,-21.93364143371582,-6.093235492706299
715,71.89999281,-21.832828521728516,-6.138104438781738
716,71.9999928,-21.72807502746582,-6.172537803649902
717,72.09999279,-21.621013641357422,-6.198112487792969
718,72.19999278,-21.51230812072754,-6.216490268707275
719,72.29999277,-21.402503967285156,-6.224835395812988
720,72.39999276,-21.29230499267578,-6.226467132568359
721,72.49999275,-21.18238639831543,-6.216078758239746
722,72.59999274,-21.07451820373535,-6.193692207336426
723,72.69999273,-20.968830108642578,-6.16215181350708
724,72.79999272,-20.867420196533203,-6.118626117706299
725,72.89999271,-20.771587371826172,-6.064221382141113
726,72.9999927,-20.679841995239258,-6.003256320953369
727,73.09999269,-20.59278678894043,-5.935894012451172
728,73.19999268,-20.509321212768555,-5.86398458480835
729,73.29999267,-20.43081283569336,-5.7868852615356445
730,73.39999266,-20.35451316833496,-5.707586765289307
731,73.49999265,-20.290193557739258,-5.6333699226379395
732,73.59999264,-20.239421844482422,-5.562982082366943
733,73.69999263,-20.20177459716797,-5.507373809814453
734,73.79999262,-20.161808013916016,-5.449781894683838
735,73.89999261,-20.11688232421875,-5.381778240203857
736,73.9999926,-20.08742332458496,-5.334351539611816
737,74.09999259,-20.052812576293945,-5.281270980834961
738,74.19999258,-20.008811950683594,-5.22139835357666
739,74.29999257,-19.959726333618164,-5.155595779418945
740,74.39999256,-19.92595672607422,-5.110110759735107
741,74.49999255,-19.888757705688477,-5.063539981842041
742,74.59999254,-19.8341007232666,-5.002050876617432
743,74.69999253,-19.76830291748047,-4.938671112060547
744,74.79999252,-19.696876525878906,-4.874301910400391
745,74.89999251,-19.620683670043945,-4.804901599884033
746,74.9999925,-19.55797004699707,-4.740866184234619
747,75.09999249,-19.501523971557617,-4.680294990539551
748,75.19999248,-19.4435977935791,-4.621748447418213
749,75.29999247,-19.391979217529297,-4.571816921234131
750,75.39999245999999,-19.329824447631836,-4.515608787536621
751,75.49999245,-19.257905960083008,-4.452758312225342
752,75.59999244,-19.183210372924805,-4.387361526489258
753,75.69999243,-19.126802444458008,-4.3364973068237305
754,75.79999242,-19.06414222717285,-4.281469345092773
755,75.89999241,-18.995073318481445,-4.219921112060547
756,75.9999924,-18.942243576049805,-4.171282768249512
757,76.09999239,-18.887493133544922,-4.122593879699707
758,76.19999238,-18.823957443237305,-4.0645294189453125
759,76.29999237,-18.775732040405273,-4.021905422210693
760,76.39999236,-18.72597885131836,-3.978825330734253
761,76.49999235,-18.663976669311523,-3.9246742725372314
762,76.59999234,-18.61777114868164,-3.884258985519409
763,76.69999233,-18.567855834960938,-3.8436689376831055
764,76.79999232,-18.508596420288086,-3.797987937927246
765,76.89999231,-18.43510627746582,-3.7413485050201416
766,76.9999923,-18.37974739074707,-3.697327136993408
767,77.09999229,-18.320068359375,-3.65162992477417
768,77.19999228,-18.253206253051758,-3.5997252464294434
769,77.29999227,-18.195363998413086,-3.553321361541748
770,77.39999226,-18.139156341552734,-3.5097761154174805
771,77.49999225,-18.075944900512695,-3.459249496459961
772,77.59999224,-18.03129005432129,-3.422604560852051
773,77.69999223,-17.984554290771484,-3.386155128479004
774,77.79999222000001,-17.921966552734375,-3.343365430831909
775,77.89999221,-17.846405029296875,-3.2939958572387695
776,77.9999922,-17.79189682006836,-3.257408380508423
777,78.09999219,-17.73291778564453,-3.2195310592651367
778,78.19999218,-17.657743453979492,-3.170809507369995
779,78.29999217,-17.587352752685547,-3.12323260307312
780,78.39999216,-17.52589225769043,-3.0812509059906006
781,78.49999215,-17.45862579345703,-3.037248134613037
782,78.59999214,-17.402563095092773,-2.999931812286377
783,78.69999213,-17.346920013427734,-2.964843988418579
784,78.79999212,-17.2784481048584,-2.9246654510498047
785,78.89999211,-17.20305633544922,-2.8873939514160156
786,78.9999921,-17.116666793823242,-2.846935272216797
787,79.09999209,-17.04669952392578,-2.811154365539551
788,79.19999208,-16.98096466064453,-2.7739810943603516
789,79.29999207,-16.923030853271484,-2.741199493408203
790,79.39999206,-16.872636795043945,-2.710479259490967
791,79.49999205,-16.807701110839844,-2.673352003097534
792,79.59999204,-16.738691329956055,-2.6403934955596924
793,79.69999203,-16.65644645690918,-2.6057188510894775
794,79.79999202,-16.587146759033203,-2.5770914554595947
795,79.89999201,-16.524118423461914,-2.549175977706909
796,79.999992,-16.448095321655273,-2.5161337852478027
797,80.09999199,-16.389184951782227,-2.4911460876464844
798,80.19999198,-16.3278865814209,-2.4683167934417725
799,80.29999197,-16.252574920654297,-2.440171480178833
800,80.39999196,-16.172029495239258,-2.4072272777557373
801,80.49999195,-16.11351203918457,-2.381495237350464
802,80.59999194,-16.05075454711914,-2.3543527126312256
803,80.69999193,-15.98010540008545,-2.3219850063323975
804,80.79999192,-15.928367614746094,-2.297377824783325
805,80.89999191,-15.878498077392578,-2.2758071422576904
806,80.9999919,-15.809237480163574,-2.251366138458252
807,81.09999189,-15.733193397521973,-2.2275171279907227
808,81.19999188,-15.652376174926758,-2.2022383213043213
809,81.29999187,-15.568979263305664,-2.178831100463867
810,81.39999186,-15.499612808227539,-2.158376932144165
811,81.49999185,-15.432319641113281,-2.1365575790405273
812,81.59999184,-15.3568754196167,-2.111576795578003
813,81.69999183,-15.295387268066406,-2.089548110961914
814,81.79999182,-15.23930549621582,-2.0704240798950195
815,81.89999181,-15.170525550842285,-2.0484156608581543
816,81.9999918,-15.09660816192627,-2.0283453464508057
817,82.09999179,-15.020296096801758,-2.0096051692962646
818,82.19999178,-14.943123817443848,-1.9943116903305054
819,82.29999177,-14.864261627197266,-1.978566288948059
820,82.39999176,-14.808836936950684,-1.9668383598327637
821,82.49999175,-14.74993896484375,-1.956913709640503
822,82.59999174,-14.678470611572266,-1.95084810256958
823,82.69999173,-14.58649730682373,-1.944994330406189
824,82.79999172,-14.520284652709961,-1.9388872385025024
825,82.89999171,-14.448330879211426,-1.9304629564285278
826,82.9999917,-14.368032455444336,-1.9210282564163208
827,83.09999169,-14.311391830444336,-1.9134613275527954
828,83.19999168,-14.2487211227417,-1.906286358833313
829,83.29999167,-14.17345905303955,-1.8988633155822754
830,83.39999166,-14.088640213012695,-1.8942402601242065
831,83.49999165,-14.021130561828613,-1.891829252243042
832,83.59999164,-13.955102920532227,-1.8900330066680908
833,83.69999163,-13.87408447265625,-1.890750765800476
834,83.79999162,-13.785933494567871,-1.8904809951782227
835,83.89999161,-13.711745262145996,-1.886927604675293
836,83.9999916,-13.639195442199707,-1.8813927173614502
837,84.09999159,-13.577398300170898,-1.8736268281936646
838,84.19999158,-13.519981384277344,-1.8670909404754639
839,84.29999157,-13.448478698730469,-1.8648276329040527
840,84.39999156,-13.370293617248535,-1.8716486692428589
841,84.49999155,-13.276628494262695,-1.8858349323272705
842,84.59999154,-13.17421817779541,-1.901893973350525
843,84.69999153,-13.084569931030273,-1.915196418762207
844,84.79999152,-13.001953125,-1.9243158102035522
845,84.89999151,-12.920466423034668,-1.9295774698257446
846,84.9999915,-12.847941398620605,-1.9326270818710327
847,85.09999149,-12.769720077514648,-1.9346318244934082
848,85.19999148,-12.68951416015625,-1.9392963647842407
849,85.29999147,-12.60702133178711,-1.9499421119689941
850,85.39999146,-12.521915435791016,-1.9646694660186768
851,85.49999145,-12.429571151733398,-1.980526328086853
852,85.59999144,-12.357266426086426,-1.991584300994873
853,85.69999143,-12.285199165344238,-2.003828525543213
854,85.79999142,-12.199639320373535,-2.01806902885437
855,85.89999141,-12.1119384765625,-2.0347115993499756
856,85.9999914,-12.019484519958496,-2.051703453063965
857,86.09999139,-11.945650100708008,-2.0633044242858887
858,86.19999138,-11.867795944213867,-2.078488349914551
859,86.29999137,-11.779613494873047,-2.101883888244629
860,86.39999136,-11.682894706726074,-2.129680633544922
861,86.49999135,-11.59719467163086,-2.1536245346069336
862,86.59999134,-11.513452529907227,-2.178689479827881
863,86.69999133,-11.415095329284668,-2.2072417736053467
864,86.79999132,-11.341142654418945,-2.2286505699157715
865,86.89999131,-11.259119987487793,-2.254261016845703
866,86.9999913,-11.166254043579102,-2.2805120944976807
867,87.09999129,-11.064303398132324,-2.3015270233154297
868,87.19999128,-10.983955383300781,-2.3144474029541016
869,87.29999127,-10.903584480285645,-2.3298146724700928
870,87.39999126,-10.8384370803833,-2.3419554233551025
871,87.49999125,-10.77385139465332,-2.3573992252349854
872,87.59999124,-10.696531295776367,-2.38244891166687
873,87.69999123,-10.607227325439453,-2.4140007495880127
874,87.79999122,-10.510906219482422,-2.448359966278076
875,87.89999121,-10.411754608154297,-2.4894518852233887
876,87.9999912,-10.314273834228516,-2.539912700653076
877,88.09999119,-10.218545913696289,-2.5941548347473145
878,88.19999118,-10.121371269226074,-2.6459662914276123
879,88.29999117,-10.020271301269531,-2.6898746490478516
880,88.39999116,-9.91607666015625,-2.7253968715667725
881,88.49999115,-9.82784652709961,-2.751666784286499
882,88.59999114,-9.739548683166504,-2.7772650718688965
883,88.69999113,-9.666940689086914,-2.797302722930908
884,88.79999112,-9.597745895385742,-2.8181707859039307
885,88.89999111,-9.513607025146484,-2.843627452850342
886,88.9999911,-9.42480182647705,-2.87620210647583
887,89.09999109,-9.330816268920898,-2.920565128326416
888,89.19999108,-9.23303508758545,-2.9708492755889893
889,89.29999107,-9.133258819580078,-3.017519474029541
890,89.39999106,-9.030440330505371,-3.056830406188965
891,89.49999105,-8.95265007019043,-3.0859627723693848
892,89.59999104,-8.865633964538574,-3.120173215866089
893,89.69999103,-8.767743110656738,-3.1587071418762207
894,89.79999102,-8.666366577148438,-3.200470209121704
895,89.89999101,-8.56463623046875,-3.242408037185669
896,89.999991,-8.463994979858398,-3.2868592739105225
897,90.09999099,-8.36181354522705,-3.327861785888672
898,90.19999098,-8.277531623840332,-3.356661558151245
899,90.29999097,-8.189903259277344,-3.384718179702759
900,90.39999096,-8.118919372558594,-3.4058165550231934
901,90.49999095,-8.046905517578125,-3.4284632205963135
902,90.59999094,-7.962058067321777,-3.4569685459136963
903,90.69999093,-7.873025417327881,-3.4921882152557373
904,90.79999092,-7.772078990936279,-3.5335581302642822
905,90.89999091,-7.686176300048828,-3.566648483276367
906,90.9999909,-7.600956916809082,-3.5971291065216064
907,91.09999089,-7.510045528411865,-3.631615400314331
908,91.19999088,-7.414031505584717,-3.669532299041748
909,91.29999087,-7.312612533569336,-3.7080633640289307
910,91.39999086,-7.229042053222656,-3.73769211769104
911,91.49999085,-7.147681713104248,-3.7690720558166504
912,91.59999084,-7.048978328704834,-3.8132338523864746
913,91.69999083,-6.949337959289551,-3.8597476482391357
914,91.79999082,-6.850080490112305,-3.907297372817993
915,91.89999081,-6.753199577331543,-3.9594781398773193
916,91.9999908,-6.657114028930664,-4.013087749481201
917,92.09999079,-6.558655261993408,-4.062511444091797
918,92.19999078,-6.456694602966309,-4.104033470153809
919,92.29999077,-6.353261470794678,-4.141595840454102
920,92.39999076,-6.265354633331299,-4.169043064117432
921,92.49999075,-6.18363094329834,-4.193729400634766
922,92.59999074,-6.090737342834473,-4.228411674499512
923,92.69999073,-5.997267246246338,-4.274636745452881
