seq,timestamp,x,y
1,0.29999997,-6.0,-4.5
2,0.39999996,-5.986424446105957,-4.500325679779053
3,0.49999995,-5.959478855133057,-4.502231121063232
4,0.59999994,-5.917597770690918,-4.506730079650879
5,0.69999993,-5.864360332489014,-4.516120910644531
6,0.79999992,-5.795124053955078,-4.529420852661133
7,0.89999991,-5.713836193084717,-4.543571472167969
8,0.9999999,-5.646026611328125,-4.556546688079834
9,1.09999989,-5.574110984802246,-4.572049140930176
10,1.19999988,-5.491556167602539,-4.594400882720947
11,1.29999987,-5.395012855529785,-4.622359752655029
12,1.3999998599999999,-5.319432735443115,-4.6418986320495605
13,1.49999985,-5.233396053314209,-4.662637233734131
14,1.59999984,-5.145130634307861,-4.685910224914551
15,1.6999998299999999,-5.049115180969238,-4.711804389953613
16,1.79999982,-4.946519374847412,-4.741756916046143
17,1.89999981,-4.841429233551025,-4.773458480834961
18,1.9999997999999999,-4.73588228225708,-4.804525375366211
19,2.09999979,-4.630865097045898,-4.837281703948975
20,2.19999978,-4.526034832000732,-4.870771884918213
21,2.29999977,-4.422726631164551,-4.908665657043457
22,2.39999976,-4.319699287414551,-4.947207450866699
23,2.49999975,-4.216686725616455,-4.985785961151123
24,2.59999974,-4.113412857055664,-5.023803234100342
25,2.69999973,-4.008787155151367,-5.057860374450684
26,2.7999997199999997,-3.903538703918457,-5.090032577514648
27,2.89999971,-3.7969696521759033,-5.117441654205322
28,2.9999997,-3.690666913986206,-5.1460347175598145
29,3.09999969,-3.5863735675811768,-5.181351184844971
30,3.19999968,-3.4844603538513184,-5.222899436950684
31,3.29999967,-3.383054733276367,-5.2655487060546875
32,3.3999996599999998,-3.2807881832122803,-5.306117534637451
33,3.49999965,-3.1775290966033936,-5.344099998474121
34,3.59999964,-3.073873519897461,-5.381067752838135
35,3.6999996299999998,-2.9688854217529297,-5.413989067077637
36,3.79999962,-2.8639042377471924,-5.446900367736816
37,3.89999961,-2.758007287979126,-5.476790904998779
38,3.9999995999999998,-2.6506264209747314,-5.5012383460998535
39,4.09999959,-2.5420103073120117,-5.518939018249512
40,4.19999958,-2.433115005493164,-5.53455114364624
41,4.29999957,-2.3242006301879883,-5.550192356109619
42,4.39999956,-2.2158491611480713,-5.569252014160156
43,4.49999955,-2.1077990531921387,-5.589882850646973
44,4.59999954,-2.000023365020752,-5.612239837646484
45,4.69999953,-1.8934344053268433,-5.639548301696777
46,4.79999952,-1.7866439819335938,-5.666173934936523
47,4.89999951,-1.678525686264038,-5.686918258666992
48,4.9999995,-1.5696563720703125,-5.702798843383789
49,5.09999949,-1.4608426094055176,-5.719273090362549
50,5.19999948,-1.352792739868164,-5.7400431632995605
51,5.29999947,-1.2444878816604614,-5.759666919708252
52,5.39999946,-1.1352858543395996,-5.7733588218688965
53,5.49999945,-1.0261659622192383,-5.787834644317627
54,5.59999944,-0.9177045226097107,-5.8062262535095215
55,5.69999943,-0.8094865679740906,-5.826323986053467
56,5.79999942,-0.7022933959960938,-5.851139545440674
57,5.89999941,-0.5945775508880615,-5.873854637145996
58,5.9999994,-0.48612022399902344,-5.892279624938965
59,6.09999939,-0.3775796890258789,-5.91015100479126
60,6.19999938,-0.2692123353481293,-5.929366111755371
61,6.29999937,-0.16148394346237183,-5.951652526855469
62,6.39999936,-0.053230464458465576,-5.971654891967773
63,6.49999935,0.05573040246963501,-5.986852169036865
64,6.59999934,0.1650262475013733,-5.999720573425293
65,6.69999933,0.2746908664703369,-6.008595943450928
66,6.7999993199999995,0.38451313972473145,-6.015778541564941
67,6.89999931,0.49447208642959595,-6.019344329833984
68,6.9999993,0.6044761538505554,-6.022399425506592
69,7.09999929,0.7145960330963135,-6.018829345703125
70,7.19999928,0.824067234992981,-6.007489204406738
71,7.29999927,0.9066059589385986,-5.998223781585693
72,7.39999926,0.996822714805603,-5.99097204208374
73,7.49999925,1.1050820350646973,-5.983917713165283
74,7.59999924,1.2147853374481201,-5.975668430328369
75,7.6999992299999995,1.3241541385650635,-5.962929725646973
76,7.79999922,1.4061038494110107,-5.949481964111328
77,7.89999921,1.4924187660217285,-5.934991836547852
78,7.9999991999999995,1.5897307395935059,-5.921956539154053
79,8.09999919,1.696041464805603,-5.9104437828063965
80,8.19999918,1.805894136428833,-5.904173851013184
81,8.29999917,1.9157936573028564,-5.89940881729126
82,8.39999916,2.0256683826446533,-5.893932819366455
83,8.49999915,2.1355175971984863,-5.88766622543335
84,8.59999914,2.2454633712768555,-5.883666515350342
85,8.69999913,2.3554420471191406,-5.880115509033203
86,8.79999912,2.4654700756073,-5.880649089813232
87,8.89999911,2.575439214706421,-5.883724689483643
88,8.9999991,2.6854727268218994,-5.884914398193359
89,9.09999909,2.795492649078369,-5.880641460418701
90,9.19999908,2.904977321624756,-5.868599891662598
91,9.29999907,3.0133306980133057,-5.849306583404541
92,9.39999906,3.121619939804077,-5.829771041870117
93,9.49999905,3.2304131984710693,-5.813464164733887
94,9.59999904,3.339315414428711,-5.797900199890137
95,9.69999903,3.447859048843384,-5.779786586761475
96,9.79999902,3.555351972579956,-5.755765914916992
97,9.89999901,3.66072940826416,-5.723923683166504
98,9.999999,3.7482447624206543,-5.695359230041504
99,10.09999899,3.8349015712738037,-5.669281482696533
100,10.19999898,3.938755989074707,-5.63791036605835
101,10.29999897,4.043928623199463,-5.605556011199951
102,10.39999896,4.150815010070801,-5.578693866729736
103,10.49999895,4.259669303894043,-5.561890125274658
104,10.59999894,4.368977069854736,-5.549376010894775
105,10.69999893,4.477926254272461,-5.533329010009766
106,10.79999892,4.5854902267456055,-5.509959697723389
107,10.89999891,4.692206382751465,-5.482979774475098
108,10.9999989,4.797728538513184,-5.4518723487854
109,11.09999889,4.903094291687012,-5.420268535614014
110,11.19999888,5.0086517333984375,-5.389198303222656
111,11.29999887,5.114978790283203,-5.360938549041748
112,11.39999886,5.220780372619629,-5.330711364746094
113,11.49999885,5.325657844543457,-5.29746150970459
114,11.59999884,5.430419921875,-5.263852596282959
115,11.69999883,5.534069061279297,-5.226903438568115
116,11.79999882,5.6365966796875,-5.186990261077881
117,11.89999881,5.7404093742370605,-5.15024471282959
118,11.9999988,5.846277713775635,-5.120180130004883
119,12.09999879,5.9523773193359375,-5.091087341308594
120,12.19999878,6.057413101196289,-5.057948589324951
121,12.29999877,6.159383296966553,-5.01611852645874
122,12.39999876,6.2568359375,-4.9647111892700195
123,12.49999875,6.351974010467529,-4.909461498260498
124,12.59999874,6.44807767868042,-4.855808258056641
125,12.69999873,6.546258449554443,-4.806158065795898
126,12.79999872,6.645069599151611,-4.757817268371582
127,12.89999871,6.7436089515686035,-4.708850860595703
128,12.9999987,6.841155529022217,-4.657984256744385
129,13.09999869,6.939328193664551,-4.608360290527344
130,13.19999868,7.036983013153076,-4.557627201080322
131,13.29999867,7.132206916809082,-4.502402305603027
132,13.39999866,7.224981307983398,-4.443273067474365
133,13.49999865,7.317607879638672,-4.383869647979736
134,13.59999864,7.41172981262207,-4.326905727386475
135,13.69999863,7.506021499633789,-4.270172119140625
136,13.79999862,7.6025710105896,-4.217384338378906
137,13.89999861,7.700170516967773,-4.166631698608398
138,13.9999986,7.796450138092041,-4.113251686096191
139,14.09999859,7.889950752258301,-4.055245399475098
140,14.19999858,7.982744216918945,-3.9961605072021484
141,14.29999857,8.073829650878906,-3.934396982192993
142,14.39999856,8.162698745727539,-3.8695335388183594
143,14.49999855,8.251737594604492,-3.804931879043579
144,14.59999854,8.341255187988281,-3.7409274578094482
145,14.69999853,8.433231353759766,-3.6805367469787598
146,14.79999852,8.526979446411133,-3.622955799102783
147,14.89999851,8.621214866638184,-3.5661842823028564
148,14.9999985,8.713953018188477,-3.5069549083709717
149,15.09999849,8.804210662841797,-3.444016933441162
150,15.19999848,8.895126342773438,-3.3819420337677
151,15.29999847,8.988739967346191,-3.3241419792175293
152,15.39999846,9.08194637298584,-3.2656338214874268
153,15.49999845,9.171283721923828,-3.2010574340820312
154,15.59999844,9.255145072937012,-3.129772901535034
155,15.69999843,9.337191581726074,-3.0564792156219482
156,15.79999842,9.419570922851562,-2.9835729598999023
157,15.89999841,9.501229286193848,-2.9098243713378906
158,15.999998399999999,9.584298133850098,-2.837695360183716
159,16.09999839,9.6674165725708,-2.7655820846557617
160,16.19999838,9.752732276916504,-2.69610857963562
161,16.29999837,9.836273193359375,-2.624406099319458
162,16.39999836,9.91633129119873,-2.5489351749420166
163,16.49999835,9.995932579040527,-2.4730162620544434
164,16.59999834,10.076852798461914,-2.3984036445617676
165,16.69999833,10.160133361816406,-2.326526641845703
166,16.79999832,10.24309253692627,-2.254290819168091
167,16.89999831,10.32509994506836,-2.1809492111206055
168,16.9999983,10.404452323913574,-2.1046366691589355
169,17.09999829,10.477624893188477,-2.0220963954925537
170,17.19999828,10.542263984680176,-1.932934045791626
171,17.29999827,10.600146293640137,-1.839125633239746
172,17.39999826,10.648160934448242,-1.7398414611816406
173,17.49999825,10.685576438903809,-1.6362032890319824
174,17.59999824,10.71618366241455,-1.5303878784179688
175,17.69999823,10.73714542388916,-1.4221502542495728
176,17.79999822,10.7477445602417,-1.312514305114746
177,17.89999821,10.754383087158203,-1.2026983499526978
178,17.9999982,10.760904312133789,-1.0928502082824707
179,18.09999819,10.76252269744873,-0.9827762246131897
180,18.19999818,10.758645057678223,-0.8728132247924805
181,18.29999817,10.750886917114258,-0.7629725337028503
182,18.39999816,10.740981101989746,-0.6805174350738525
183,18.49999815,10.729375839233398,-0.5952824950218201
184,18.59999814,10.7162446975708,-0.5193445682525635
185,18.69999813,10.70357608795166,-0.44797420501708984
186,18.79999812,10.688224792480469,-0.3649328649044037
187,18.89999811,10.675605773925781,-0.29814109206199646
188,18.9999981,10.666316986083984,-0.2354011833667755
189,19.09999809,10.654196739196777,-0.14885234832763672
190,19.19999808,10.643949508666992,-0.08168745040893555
191,19.29999807,10.633167266845703,-0.01310199499130249
192,19.39999806,10.622450828552246,0.07062149047851562
193,19.49999805,10.612190246582031,0.15964889526367188
194,19.59999804,10.604069709777832,0.25482654571533203
195,19.69999803,10.595199584960938,0.3507575988769531
196,19.79999802,10.589156150817871,0.42016226053237915
197,19.89999801,10.586044311523438,0.4897090792655945
198,19.999998,10.582956314086914,0.5757347941398621
199,20.09999799,10.579880714416504,0.6784870624542236
200,20.19999798,10.581361770629883,0.7862288355827332
201,20.29999797,10.585111618041992,0.8961892127990723
202,20.39999796,10.586198806762695,1.0062057971954346
203,20.49999795,10.58639907836914,1.1162164211273193
204,20.59999794,10.584388732910156,1.2262240648269653
205,20.69999793,10.579388618469238,1.3181633949279785
206,20.79999792,10.571675300598145,1.4080755710601807
207,20.89999791,10.56661319732666,1.4755408763885498
208,20.9999979,10.562477111816406,1.549107551574707
209,21.09999789,10.561964988708496,1.639253854751587
210,21.19999788,10.562932968139648,1.7368592023849487
211,21.29999787,10.564051628112793,1.846635103225708
212,21.39999786,10.562617301940918,1.956647515296936
213,21.49999785,10.560771942138672,2.0396804809570312
214,21.59999784,10.561315536499023,2.122680902481079
215,21.69999783,10.56148910522461,2.2282145023345947
216,21.79999782,10.558475494384766,2.317218065261841
217,21.89999781,10.557747840881348,2.4108057022094727
218,21.9999978,10.563483238220215,2.511697769165039
219,22.09999779,10.569563865661621,2.6215903759002686
220,22.19999778,10.570416450500488,2.731628894805908
221,22.29999777,10.570359230041504,2.8416433334350586
222,22.39999776,10.568526268005371,2.951653003692627
223,22.49999775,10.567373275756836,3.0616722106933594
224,22.59999774,10.562206268310547,3.171611785888672
225,22.69999773,10.552817344665527,3.2812345027923584
226,22.79999772,10.545364379882812,3.3910655975341797
227,22.89999771,10.544082641601562,3.501108407974243
228,22.9999977,10.544078826904297,3.611110210418701
229,23.09999769,10.543526649475098,3.721116065979004
230,23.19999768,10.543441772460938,3.831157684326172
231,23.29999767,10.54555892944336,3.941150426864624
232,23.39999766,10.5444917678833,4.051202774047852
233,23.49999765,10.538115501403809,4.161062717437744
234,23.59999764,10.530607223510742,4.270806789398193
235,23.69999763,10.523422241210938,4.380604267120361
236,23.79999762,10.520440101623535,4.490611553192139
237,23.89999761,10.518575668334961,4.600597381591797
238,23.9999976,10.517818450927734,4.710615634918213
239,24.09999759,10.517423629760742,4.820616245269775
240,24.19999758,10.515012741088867,4.9306206703186035
241,24.29999757,10.509991645812988,5.040528774261475
242,24.39999756,10.504778861999512,5.150436878204346
243,24.49999755,10.495278358459473,5.260076522827148
244,24.59999754,10.480291366577148,5.36913537979126
245,24.69999753,10.458155632019043,5.477085113525391
246,24.79999752,10.425176620483398,5.582348346710205
247,24.89999751,10.380349159240723,5.683168888092041
248,24.9999975,10.326138496398926,5.779015064239502
249,25.09999749,10.26471996307373,5.870626449584961
250,25.19999748,10.192971229553223,5.954479217529297
251,25.29999747,10.111297607421875,6.0287861824035645
252,25.39999746,10.022238731384277,6.093618392944336
253,25.49999745,9.928031921386719,6.150991916656494
254,25.59999744,9.828563690185547,6.198332786560059
255,25.69999743,9.72627067565918,6.239140510559082
256,25.79999742,9.619317054748535,6.267931938171387
257,25.89999741,9.509503364562988,6.279434680938721
258,25.9999974,9.399324417114258,6.278936386108398
259,26.09999739,9.289400100708008,6.270681858062744
260,26.19999738,9.18088150024414,6.251639366149902
261,26.29999737,9.073885917663574,6.225715637207031
262,26.39999736,8.96886920928955,6.192112445831299
263,26.49999735,8.86821460723877,6.14691686630249
264,26.59999734,8.772473335266113,6.092535495758057
265,26.69999733,8.680083274841309,6.03256893157959
266,26.79999732,8.593270301818848,5.964622974395752
267,26.89999731,8.513455390930176,5.888673782348633
268,26.9999973,8.438169479370117,5.808376312255859
269,27.09999729,8.38046646118164,5.740524768829346
270,27.19999728,8.324216842651367,5.671510219573975
271,27.29999727,8.267472267150879,5.594659805297852
272,27.39999726,8.21995735168457,5.5282721519470215
273,27.49999725,8.17363166809082,5.462924480438232
274,27.59999724,8.12253189086914,5.3942179679870605
275,27.69999723,8.068490982055664,5.3247761726379395
276,27.79999722,8.008703231811523,5.254018783569336
277,27.89999721,7.966431140899658,5.20307731628418
278,27.9999972,7.9217939376831055,5.146395683288574
279,28.09999719,7.870084285736084,5.081465721130371
280,28.19999718,7.831251621246338,5.031519412994385
281,28.29999717,7.79287052154541,4.9851274490356445
282,28.39999716,7.740182399749756,4.9218549728393555
283,28.49999715,7.704391956329346,4.877685546875
284,28.59999714,7.666468143463135,4.829494476318359
285,28.69999713,7.618810176849365,4.771605968475342
286,28.79999712,7.570033550262451,4.70859432220459
287,28.89999711,7.533304691314697,4.655291557312012
288,28.9999971,7.497106552124023,4.6034770011901855
289,29.09999709,7.455421447753906,4.550002098083496
290,29.19999708,7.40987491607666,4.496469020843506
291,29.29999707,7.359058380126953,4.442481517791748
292,29.39999706,7.298919677734375,4.387218952178955
293,29.49999705,7.233241081237793,4.32917594909668
294,29.59999704,7.17258882522583,4.273564338684082
295,29.69999703,7.122504711151123,4.226456642150879
296,29.79999702,7.063314914703369,4.174589157104492
297,29.89999701,6.994933128356934,4.121756553649902
298,29.999997,6.921058654785156,4.068484306335449
299,30.09999699,6.840307235717773,4.009238243103027
300,30.19999698,6.774905681610107,3.959010601043701
301,30.29999697,6.720282077789307,3.914541244506836
302,30.39999696,6.67201566696167,3.8741488456726074
303,30.49999695,6.620296955108643,3.830928325653076
304,30.59999694,6.55650520324707,3.7797324657440186
305,30.69999693,6.485455513000488,3.728576421737671
306,30.79999692,6.409934997558594,3.6784889698028564
307,30.89999691,6.328553199768066,3.6265480518341064
308,30.9999969,6.242887020111084,3.577786922454834
309,31.09999689,6.151987552642822,3.526620864868164
310,31.19999688,6.08351469039917,3.4857606887817383
311,31.29999687,6.007054328918457,3.440833568572998
312,31.39999686,5.9233174324035645,3.390735626220703
313,31.49999685,5.8623046875,3.3538737297058105
314,31.59999684,5.7918381690979,3.3124752044677734
315,31.79999682,5.636880397796631,3.2184247970581055
316,31.89999681,5.5537238121032715,3.171682357788086
317,31.9999968,5.490819454193115,3.1370530128479004
318,32.09999679,5.420372009277344,3.1008293628692627
319,32.19999678,5.338983058929443,3.0562355518341064
320,32.29999677,5.275385856628418,3.0168750286102295
321,32.39999676,5.21376895904541,2.977332592010498
322,32.49999675,5.154115676879883,2.937422275543213
323,32.59999674,5.104147911071777,2.904698133468628
324,32.69999673,5.044457912445068,2.863635540008545
325,32.79999672,4.9994707107543945,2.8304007053375244
326,32.89999671,4.957893371582031,2.8001697063446045
327,32.9999967,4.9024553298950195,2.7637734413146973
328,33.09999669,4.840345859527588,2.7242088317871094
329,33.19999668,4.798068046569824,2.6974172592163086
330,33.29999667,4.75208854675293,2.671069860458374
331,33.39999666,4.69748067855835,2.6417670249938965
332,33.49999665,4.626788139343262,2.6058363914489746
333,33.59999664,4.551729679107666,2.572693109512329
334,33.69999663,4.470907688140869,2.5398361682891846
335,33.79999662,4.385165691375732,2.510021209716797
336,33.89999661,4.292373180389404,2.481707811355591
337,33.9999966,4.196804046630859,2.452700614929199
338,34.09999659,4.12443208694458,2.429325580596924
339,34.19999658,4.046298503875732,2.404381513595581
340,34.29999657,3.9604263305664062,2.3758554458618164
341,34.39999656,3.8732569217681885,2.348156690597534
342,34.49999655,3.811706304550171,2.3283534049987793
343,34.59999654,3.7413065433502197,2.3068594932556152
344,34.69999653,3.6665711402893066,2.281933069229126
345,34.79999652,3.5947465896606445,2.2586517333984375
346,34.89999651,3.5296783447265625,2.239093542098999
347,34.9999965,3.450568437576294,2.2156715393066406
348,35.09999649,3.373629093170166,2.190796375274658
349,35.19999648,3.309480667114258,2.1704330444335938
350,35.29999647,3.240756034851074,2.149606943130493
351,35.39999646,3.1901021003723145,2.1357674598693848
352,35.49999645,3.135054588317871,2.1239922046661377
353,35.59999644,3.062237024307251,2.1094675064086914
354,35.69999643,2.9774584770202637,2.092470169067383
355,35.79999642,2.8903112411499023,2.076812744140625
356,35.89999641,2.8235154151916504,2.0631284713745117
357,35.9999964,2.755742311477661,2.047187566757202
358,36.09999639,2.6783318519592285,2.0294528007507324
359,36.29999637,2.578536033630371,2.003655433654785
360,36.39999636,2.5203988552093506,1.9868370294570923
361,36.49999635,2.454009771347046,1.9690613746643066
362,36.59999634,2.385282278060913,1.950021743774414
363,36.69999633,2.3393895626068115,1.938270092010498
364,36.79999632,2.285884380340576,1.9259281158447266
365,36.89999631,2.223242998123169,1.9150310754776
366,36.9999963,2.1514084339141846,1.9026020765304565
367,37.09999629,2.0996251106262207,1.8921597003936768
368,37.19999628,2.047781229019165,1.882352590560913
369,37.29999627,1.9787843227386475,1.8716853857040405
370,37.39999626,1.9074838161468506,1.8652002811431885
371,37.49999625,1.8305819034576416,1.8606762886047363
372,37.59999624,1.7528107166290283,1.8572776317596436
373,37.699996229999996,1.6958351135253906,1.8550068140029907
374,37.79999622,1.6344053745269775,1.8544443845748901
375,37.89999621,1.5594780445098877,1.8532973527908325
376,37.9999962,1.5084805488586426,1.8524432182312012
377,38.09999619,1.4530394077301025,1.8532861471176147
378,38.19999618,1.3782000541687012,1.8550307750701904
379,38.29999617,1.3124463558197021,1.8589491844177246
380,38.39999616,1.258727788925171,1.8622095584869385
381,38.49999615,1.1841754913330078,1.8683321475982666
382,38.59999614,1.1048674583435059,1.8769500255584717
383,38.69999613,1.01833975315094,1.8917754888534546
384,38.79999612,0.9284841418266296,1.9106801748275757
385,38.899996110000004,0.8369510173797607,1.9306987524032593
386,38.9999961,0.7671651244163513,1.944223403930664
387,39.09999609,0.6896039247512817,1.956360101699829
388,39.19999608,0.607612669467926,1.9698762893676758
389,39.29999607,0.5235638618469238,1.9833306074142456
390,39.39999606,0.46317005157470703,1.9946272373199463
391,39.49999605,0.3962756395339966,2.0107154846191406
392,39.59999604,0.31787025928497314,2.0301883220672607
393,39.69999603,0.2296861708164215,2.0502326488494873
394,39.79999602,0.16529762744903564,2.0627970695495605
395,39.89999601,0.10246992111206055,2.075305938720703
396,39.999996,0.01930171251296997,2.0936853885650635
397,40.09999599,-0.06589311361312866,2.113178253173828
398,40.19999598,-0.1344805359840393,2.1272237300872803
399,40.29999597,-0.2012966275215149,2.1420931816101074
400,40.39999596,-0.2836487293243408,2.1633999347686768
401,40.49999595,-0.3764497637748718,2.193073034286499
402,40.59999594,-0.4721089005470276,2.225712776184082
403,40.69999593,-0.5437759160995483,2.2486767768859863
404,40.79999592,-0.6265291571617126,2.271118640899658
405,40.89999591,-0.6910932660102844,2.285939931869507
406,40.9999959,-0.7568822503089905,2.302156686782837
407,41.09999589,-0.834524929523468,2.3258168697357178
408,41.19999588,-0.92461758852005,2.35664701461792
409,41.29999587,-1.0203042030334473,2.3952558040618896
410,41.39999586,-1.120589017868042,2.436627149581909
411,41.49999585,-1.2219469547271729,2.479498863220215
412,41.59999584,-1.3215045928955078,2.5263466835021973
413,41.69999583,-1.4222769737243652,2.5707170963287354
414,41.79999582,-1.5253252983093262,2.6093175411224365
415,41.89999581,-1.6147642135620117,2.6414506435394287
416,41.9999958,-1.7007606029510498,2.6698060035705566
417,42.09999579,-1.7660597562789917,2.68892502784729
418,42.19999578,-1.837118148803711,2.709543466567993
419,42.29999577,-1.9164402484893799,2.7317917346954346
420,42.39999576,-2.000836133956909,2.7581138610839844
421,42.49999575,-2.088571310043335,2.788684129714966
422,42.59999574,-2.183964729309082,2.826913595199585
423,42.69999573,-2.281357765197754,2.8658909797668457
424,42.79999572,-2.3608779907226562,2.8947341442108154
425,42.89999571,-2.4400033950805664,2.924656629562378
426,42.9999957,-2.5267672538757324,2.963594913482666
427,43.09999569,-2.624035596847534,3.0111773014068604
428,43.19999568,-2.7200918197631836,3.0649173259735107
429,43.29999567,-2.8142752647399902,3.1217610836029053
430,43.39999566,-2.908489227294922,3.178572416305542
431,43.49999565,-3.0047552585601807,3.231978416442871
432,43.59999564,-3.1046347618103027,3.2784628868103027
433,43.69999563,-3.2074639797210693,3.317711591720581
434,43.79999562,-3.2860302925109863,3.344707727432251
435,43.89999561,-3.3738059997558594,3.372272253036499
436,43.9999956,-3.4662351608276367,3.4012627601623535
437,44.09999559,-3.545057535171509,3.4242892265319824
438,44.19999558,-3.6189475059509277,3.4479124546051025
439,44.29999557,-3.7081212997436523,3.4791743755340576
440,44.39999556,-3.806824207305908,3.5183792114257812
441,44.49999555,-3.90505313873291,3.5655088424682617
442,44.59999554,-4.003230094909668,3.615126371383667
443,44.69999553,-4.101815223693848,3.6639795303344727
444,44.79999552,-4.202423572540283,3.7086877822875977
445,44.89999551,-4.30489444732666,3.7487261295318604
446,44.9999955,-4.408363342285156,3.786238193511963
447,45.09999549,-4.487208366394043,3.81229567527771
448,45.19999548,-4.5725603103637695,3.8426053524017334
449,45.29999547,-4.668365478515625,3.883187770843506
450,45.39999546,-4.768430233001709,3.9289119243621826
451,45.49999545,-4.868640899658203,3.9743459224700928
452,45.59999544,-4.967926979064941,4.021749496459961
453,45.69999543,-5.067142963409424,4.069335460662842
454,45.79999542,-5.164846420288086,4.119928359985352
455,45.89999541,-5.264236927032471,4.167351722717285
456,45.9999954,-5.367301940917969,4.206447601318359
457,46.09999539,-5.447014808654785,4.229905605316162
458,46.19999538,-5.534519672393799,4.253020763397217
459,46.29999537,-5.6003737449646,4.270226001739502
460,46.39999536,-5.673862457275391,4.287567138671875
461,46.49999535,-5.760910511016846,4.308653354644775
462,46.59999534,-5.831678867340088,4.325299263000488
463,46.69999533,-5.900463581085205,4.343451976776123
464,46.79999532,-5.986447334289551,4.367057800292969
465,46.89999531,-6.075997829437256,4.398086071014404
466,46.9999953,-6.162263870239258,4.438426971435547
467,47.09999529,-6.258464813232422,4.49175500869751
468,47.19999528,-6.356383800506592,4.5421528816223145
469,47.29999527,-6.456972599029541,4.586760520935059
470,47.39999526,-6.558856964111328,4.628471374511719
471,47.49999525,-6.663190841674805,4.663562297821045
472,47.59999524,-6.768092155456543,4.696782112121582
473,47.69999523,-6.872179985046387,4.732410430908203
474,47.79999522,-6.976176738739014,4.7683916091918945
475,47.89999521,-7.078815937042236,4.808000564575195
476,47.9999952,-7.181125164031982,4.84849739074707
477,48.09999519,-7.284162521362305,4.8870625495910645
478,48.19999518,-7.387126445770264,4.925869941711426
479,48.29999517,-7.490671157836914,4.963043689727783
480,48.39999516,-7.593803405761719,5.0013885498046875
481,48.49999515,-7.697356224060059,5.038535118103027
482,48.59999514,-7.800219535827637,5.077518463134766
483,48.69999513,-7.903055191040039,5.11668062210083
484,48.79999512,-8.007233619689941,5.1520843505859375
485,48.89999511,-8.111429214477539,5.1873626708984375
486,48.9999951,-8.215821266174316,5.222153186798096
487,49.09999509,-8.31926441192627,5.259627342224121
488,49.19999508,-8.4234037399292,5.295141220092773
489,49.29999507,-8.529068946838379,5.326067924499512
490,49.39999506,-8.636580467224121,5.349880218505859
491,49.49999505,-8.744990348815918,5.368600845336914
492,49.59999504,-8.826701164245605,5.383698463439941
493,49.69999503,-8.917901992797852,5.404297351837158
494,49.79999502,-9.014557838439941,5.427873611450195
495,49.89999501,-9.121306419372559,5.454586982727051
496,49.999995,-9.227134704589844,5.484684467315674
497,50.09999499,-9.333599090576172,5.512618541717529
498,50.19999498,-9.441112518310547,5.536001205444336
499,50.29999497,-9.548622131347656,5.5592780113220215
500,50.39999496,-9.656194686889648,5.582290172576904
501,50.49999495,-9.76435661315918,5.602633476257324
502,50.59999494,-9.873286247253418,5.618188858032227
503,50.69999493,-9.982123374938965,5.634598731994629
504,50.79999492,-10.090219497680664,5.655045509338379
505,50.89999491,-10.198455810546875,5.674900531768799
506,50.9999949,-10.3073148727417,5.690893650054932
507,51.09999489,-10.416091918945312,5.707254409790039
508,51.19999488,-10.525003433227539,5.722907543182373
509,51.29999487,-10.634540557861328,5.734002590179443
510,51.39999486,-10.726558685302734,5.737774848937988
511,51.49999485,-10.820016860961914,5.741404056549072
512,51.59999484,-10.922074317932129,5.749545097351074
513,51.69999483,-11.031578063964844,5.759326457977295
514,51.79999482,-11.141528129577637,5.764865875244141
515,51.89999481,-11.224568367004395,5.765707492828369
516,51.9999948,-11.315094947814941,5.767527103424072
517,52.09999479,-11.41596794128418,5.7754621505737305
518,52.19999478,-11.524662017822266,5.793069839477539
519,52.29999477,-11.63234806060791,5.8156514167785645
520,52.39999476,-11.740215301513672,5.837441444396973
521,52.49999475,-11.849210739135742,5.853260040283203
522,52.59999474,-11.958816528320312,5.862872123718262
523,52.69999473,-12.0684175491333,5.872686862945557
524,52.79999472,-12.177576065063477,5.886447429656982
525,52.89999471,-12.286627769470215,5.901163101196289
526,52.9999947,-12.395112991333008,5.919530868530273
527,53.09999469,-12.50379753112793,5.936707019805908
528,53.19999468,-12.61343002319336,5.947906970977783
529,53.29999467,-12.723515510559082,5.949852466583252
530,53.39999466,-12.83353042602539,5.949527263641357
531,53.49999465,-12.943602561950684,5.952880382537842
532,53.59999464,-13.053218841552734,5.962410926818848
533,53.69999463,-13.162668228149414,5.973414897918701
534,53.79999462,-13.272296905517578,5.983034133911133
535,53.89999461,-13.382257461547852,5.987421989440918
536,53.9999946,-13.492218017578125,5.990438938140869
537,54.09999459,-13.602217674255371,5.99314022064209
538,54.19999458,-13.712093353271484,5.998857021331787
539,54.29999457,-13.822131156921387,6.002322196960449
540,54.39999456,-13.932136535644531,6.000947952270508
541,54.49999455,-14.0421142578125,5.998643398284912
542,54.59999454,-14.152070045471191,5.9946088790893555
543,54.69999453,-14.261800765991211,5.986241340637207
544,54.79999452,-14.371004104614258,5.972174167633057
545,54.89999451,-14.478988647460938,5.950300216674805
546,54.9999945,-14.561923027038574,5.92717170715332
547,55.09999449,-14.64326000213623,5.901824474334717
548,55.19999448,-14.704636573791504,5.885250091552734
549,55.29999447,-14.774378776550293,5.872283458709717
550,55.39999446,-14.859334945678711,5.859832286834717
551,55.49999445,-14.962285995483398,5.846236705780029
552,55.59999444,-15.070392608642578,5.831727981567383
553,55.69999443,-15.179001808166504,5.813571929931641
554,55.79999442,-15.2861967086792,5.788636684417725
555,55.89999441,-15.393346786499023,5.763589859008789
556,55.9999944,-15.501279830932617,5.742285251617432
557,56.09999439,-15.609281539916992,5.721393585205078
558,56.19999438,-15.716813087463379,5.69805908203125
559,56.29999437,-15.823250770568848,5.669956684112549
560,56.39999436,-15.928357124328613,5.6374831199646
561,56.49999435,-16.034038543701172,5.60671854019165
562,56.59999434,-16.140766143798828,5.580009460449219
563,56.69999433,-16.24740219116211,5.553011894226074
564,56.79999432,-16.354089736938477,5.526184558868408
565,56.89999431,-16.46063995361328,5.498814105987549
566,56.9999943,-16.56633949279785,5.4681830406188965
567,57.09999429,-16.67066192626953,5.43319845199585
568,57.19999428,-16.77492904663086,5.3981475830078125
569,57.29999427,-16.878952026367188,5.362365245819092
570,57.39999426,-16.982891082763672,5.3262434005737305
571,57.49999425,-17.08744239807129,5.29201602935791
572,57.59999424,-17.191770553588867,5.257033824920654
573,57.69999423,-17.298173904418945,5.2281880378723145
574,57.79999422,-17.406396865844727,5.2080864906311035
575,57.89999421,-17.51506805419922,5.1909356117248535
576,57.9999942,-17.623153686523438,5.169811725616455
577,58.09999419,-17.729820251464844,5.142850875854492
578,58.19999418,-17.836271286010742,5.114993572235107
579,58.29999417,-17.94367027282715,5.091052055358887
580,58.39999416,-18.05075454711914,5.065307140350342
581,58.49999415,-18.15616798400879,5.0337910652160645
582,58.59999414,-18.26173210144043,5.002711772918701
583,58.69999413,-18.368040084838867,4.974382400512695
584,58.79999412,-18.473613739013672,4.943116664886475
585,58.89999411,-18.576927185058594,4.905163764953613
586,58.9999941,-18.679014205932617,4.864043712615967
587,59.09999409,-18.779033660888672,4.818177223205566
588,59.19999408,-18.878284454345703,4.770613193511963
589,59.29999407,-18.975568771362305,4.71921443939209
590,59.39999406,-19.074047088623047,4.669992923736572
591,59.49999405,-19.174448013305664,4.625032424926758
592,59.59999404,-19.275089263916016,4.580604076385498
593,59.69999403,-19.374801635742188,4.534008026123047
594,59.79999402,-19.47153091430664,4.481290340423584
595,59.89999401,-19.563392639160156,4.420421600341797
596,59.999994,-19.649417877197266,4.351535797119141
597,60.09999399,-19.729656219482422,4.276167869567871
598,60.19999398,-19.80508804321289,4.2002058029174805
599,60.29999397,-19.867963790893555,4.136610984802246
600,60.39999396,-19.935760498046875,4.069073677062988
601,60.49999395,-19.991212844848633,4.013175964355469
602,60.59999394,-20.049240112304688,3.9578664302825928
603,60.69999393,-20.118770599365234,3.892904281616211
604,60.79999392,-20.19638442993164,3.8210861682891846
605,60.89999391,-20.27770233154297,3.74835205078125
606,60.9999939,-20.36249351501465,3.678255081176758
607,61.09999389,-20.448829650878906,3.6099600791931152
608,61.19999388,-20.539100646972656,3.5469813346862793
609,61.29999387,-20.630870819091797,3.486278533935547
610,61.39999386,-20.720809936523438,3.422884225845337
611,61.49999385,-20.808208465576172,3.3560290336608887
612,61.59999384,-20.896678924560547,3.2904446125030518
613,61.69999383,-20.989423751831055,3.2311668395996094
614,61.79999382,-21.082929611206055,3.1731677055358887
615,61.89999381,-21.174072265625,3.1114754676818848
616,61.9999938,-21.26140785217285,3.044266700744629
617,62.09999379,-21.343107223510742,2.9705021381378174
618,62.19999378,-21.42214012145996,2.8939549922943115
619,62.29999377,-21.501550674438477,2.8178021907806396
620,62.39999376,-21.57901382446289,2.7396652698516846
621,62.49999375,-21.657207489013672,2.6622653007507324
622,62.59999374,-21.73459243774414,2.58406138420105
623,62.69999373,-21.814300537109375,2.508085012435913
624,62.79999372,-21.898662567138672,2.43740177154541
625,62.89999371,-21.983171463012695,2.366928815841675
626,62.9999937,-22.065507888793945,2.2939467430114746
627,63.09999369,-22.14731788635254,2.2203540802001953
628,63.19999368,-22.225801467895508,2.1430673599243164
629,63.29999367,-22.297460556030273,2.059422254562378
630,63.39999366,-22.364517211914062,1.9721405506134033
631,63.49999365,-22.427719116210938,1.8820734024047852
632,63.59999364,-22.489572525024414,1.791042447090149
633,63.69999363,-22.546611785888672,1.6968556642532349
634,63.79999362,-22.59630584716797,1.5985233783721924
635,63.89999361,-22.637418746948242,1.496280312538147
636,63.9999936,-22.66890525817871,1.390648603439331
637,64.09999359,-22.68971824645996,1.282351016998291
638,64.19999358,-22.700637817382812,1.1727886199951172
639,64.29999357,-22.705642700195312,1.0627882480621338
640,64.39999356,-22.70231819152832,0.9526776671409607
641,64.49999355,-22.693626403808594,0.8640095591545105
642,64.59999354,-22.683700561523438,0.7725284099578857
643,64.69999353,-22.67406463623047,0.6701802611351013
644,64.79999352,-22.66553497314453,0.5878992080688477
645,64.89999351,-22.659465789794922,0.5054618716239929
646,64.9999935,-22.651119232177734,0.40363115072250366
647,65.09999349,-22.642559051513672,0.3213619887828827
648,65.19999348,-22.634241104125977,0.23460984230041504
649,65.29999347,-22.625152587890625,0.13881781697273254
650,65.39999346,-22.61858367919922,0.0359991192817688
651,65.49999345,-22.611270904541016,-0.06989783048629761
652,65.59999344,-22.59979248046875,-0.17009437084197998
653,65.69999343,-22.590457916259766,-0.25620514154434204
654,65.79999342,-22.585493087768555,-0.3531785011291504
655,65.89999341,-22.582351684570312,-0.45659828186035156
656,65.9999934,-22.585159301757812,-0.5647556185722351
657,66.09999339,-22.58924674987793,-0.674718976020813
658,66.19999338,-22.58930778503418,-0.7847515940666199
659,66.29999337,-22.587621688842773,-0.8947742581367493
660,66.39999336,-22.583934783935547,-0.9837502241134644
661,66.49999335,-22.580562591552734,-1.0742053985595703
662,66.59999334,-22.572843551635742,-1.1740554571151733
663,66.79999332,-22.539405822753906,-1.3759113550186157
664,66.89999331,-22.52353858947754,-1.4434020519256592
665,66.9999933,-22.511817932128906,-1.4979819059371948
666,67.09999329,-22.501527786254883,-1.56349778175354
667,67.19999328,-22.492389678955078,-1.6429831981658936
668,67.29999327,-22.485681533813477,-1.7274391651153564
669,67.39999326,-22.484424591064453,-1.8219990730285645
670,67.49999325,-22.485305786132812,-1.925788402557373
671,67.59999324,-22.486312866210938,-2.0354766845703125
672,67.69999323,-22.489456176757812,-2.1454415321350098
673,67.79999322,-22.490859985351562,-2.2554550170898438
674,67.89999321,-22.49106216430664,-2.3654747009277344
675,67.9999932,-22.49379539489746,-2.4754486083984375
676,68.09999319,-22.497852325439453,-2.585376739501953
677,68.19999318,-22.50255012512207,-2.695281982421875
678,68.29999317,-22.506324768066406,-2.8052473068237305
679,68.39999316,-22.513429641723633,-2.9150500297546387
680,68.49999315,-22.520700454711914,-3.0248398780822754
681,68.59999314,-22.529321670532227,-3.1345136165618896
682,68.69999313,-22.536067962646484,-3.2443156242370605
683,68.79999312,-22.54311180114746,-3.3541295528411865
684,68.89999311,-22.552759170532227,-3.463723659515381
685,68.9999931,-22.559158325195312,-3.573651075363159
686,69.09999309,-22.558263778686523,-3.6837172508239746
687,69.19999308,-22.55388832092285,-3.7936620712280273
688,69.29999307,-22.54777717590332,-3.9035072326660156
689,69.39999306,-22.544052124023438,-4.013456344604492
690,69.49999305,-22.541593551635742,-4.1234307289123535
691,69.59999304,-22.537683486938477,-4.2333807945251465
692,69.69999303,-22.530414581298828,-4.343165874481201
693,69.79999302,-22.520923614501953,-4.4527788162231445
694,69.89999301,-22.51496124267578,-4.562741279602051
695,69.999993,-22.51552391052246,-4.67277717590332
696,70.09999299,-22.51879119873047,-4.782745838165283
697,70.19999298,-22.521787643432617,-4.892734527587891
698,70.29999297,-22.52695655822754,-5.0026350021362305
699,70.39999296,-22.529224395751953,-5.112709045410156
700,70.49999295,-22.52341651916504,-5.222720146179199
701,70.59999294,-22.50859260559082,-5.331897735595703
702,70.69999293,-22.48383903503418,-5.439375400543213
703,70.79999292,-22.446552276611328,-5.543294906616211
704,70.89999291,-22.39715576171875,-5.641846656799316
705,70.9999929,-22.338747024536133,-5.735424518585205
706,71.09999289,-22.27113914489746,-5.822396755218506
707,71.19999288,-22.1973819732666,-5.9043498039245605
708,71.29999287,-22.114795684814453,-5.977533340454102
709,71.39999286,-22.025054931640625,-6.04144287109375
710,71.49999285,-21.931089401245117,-6.099068641662598
711,71.59999284,-21.831130981445312,-6.145934581756592
712,71.69999283,-21.72642707824707,-6.180447578430176
713,71.79999282,-21.61934471130371,-6.206489562988281
714,71.89999281,-21.510074615478516,-6.2215399742126465
715,71.9999928,-21.400009155273438,-6.2257490158081055
716,72.09999279,-21.28981590270996,-6.222461223602295
717,72.19999278,-21.18046760559082,-6.2096734046936035
718,72.29999277,-21.071931838989258,-6.191112995147705
719,72.39999276,-20.965192794799805,-6.163012504577637
720,72.49999275,-20.862380981445312,-6.123382091522217
721,72.59999274,-20.76348876953125,-6.074514865875244
722,72.69999273,-20.669673919677734,-6.016883850097656
723,72.79999272,-20.580352783203125,-5.952174663543701
724,72.89999271,-20.49870491027832,-5.878134250640869
725,72.9999927,-20.422718048095703,-5.798427581787109
726,73.09999269,-20.36673355102539,-5.733063220977783
727,73.19999268,-20.30805015563965,-5.6601948738098145
728,73.29999267,-20.267183303833008,-5.6057939529418945
729,73.39999266,-20.223827362060547,-5.547647953033447
730,73.49999265,-20.177141189575195,-5.478330135345459
731,73.59999264,-20.142892837524414,-5.421868324279785
732,73.69999263,-20.106830596923828,-5.361341953277588
733,73.79999262,-20.069398880004883,-5.2975616455078125
734,73.89999261,-20.042505264282227,-5.250370502471924
735,73.9999926,-20.013830184936523,-5.202560901641846
736,74.09999259,-19.9777889251709,-5.144050121307373
737,74.19999258,-19.952850341796875,-5.106213092803955
738,74.29999257,-19.923294067382812,-5.062434673309326
739,74.39999256,-19.88426399230957,-5.0106706619262695
740,74.49999255,-19.83438491821289,-4.9517741203308105
741,74.59999254,-19.773212432861328,-4.889911651611328
742,74.69999253,-19.7044734954834,-4.823722839355469
743,74.79999252,-19.650033950805664,-4.77161979675293
744,74.89999251,-19.590938568115234,-4.718040943145752
745,74.9999925,-19.527942657470703,-4.659824371337891
746,75.09999249,-19.477455139160156,-4.61232328414917
747,75.19999248,-19.427143096923828,-4.566911220550537
748,75.29999247,-19.356199264526367,-4.504073143005371
749,75.39999245999999,-19.281225204467773,-4.441500186920166
750,75.49999245,-19.19798469543457,-4.380902290344238
751,75.69999243,-19.02229881286621,-4.249118804931641
752,75.79999242,-18.947349548339844,-4.185847282409668
753,75.89999241,-18.88211441040039,-4.123652935028076
754,75.9999924,-18.83051109313965,-4.0675506591796875
755,76.09999239,-18.7822322845459,-4.014585494995117
756,76.19999238,-18.72880744934082,-3.960216522216797
757,76.29999237,-18.671268463134766,-3.905897617340088
758,76.39999236,-18.60595703125,-3.8527228832244873
759,76.49999235,-18.53192901611328,-3.7980992794036865
760,76.59999234,-18.45171356201172,-3.7401161193847656
761,76.69999233,-18.393451690673828,-3.695481061935425
762,76.79999232,-18.330232620239258,-3.6450767517089844
763,76.89999231,-18.26180076599121,-3.5930447578430176
764,76.9999923,-18.191415786743164,-3.5392932891845703
765,77.09999229,-18.11886978149414,-3.4863457679748535
766,77.19999228,-18.062837600708008,-3.445019483566284
767,77.29999227,-18.004009246826172,-3.400027275085449
768,77.39999226,-17.935415267944336,-3.3518991470336914
769,77.49999225,-17.857688903808594,-3.304778814315796
770,77.59999224,-17.775171279907227,-3.2566609382629395
771,77.69999223,-17.71461296081543,-3.220559597015381
772,77.79999222000001,-17.646163940429688,-3.180190324783325
773,77.89999221,-17.56935691833496,-3.1340160369873047
774,77.9999922,-17.488801956176758,-3.087204933166504
775,78.09999219,-17.4307861328125,-3.052947998046875
776,78.19999218,-17.36936378479004,-3.018683910369873
777,78.29999217,-17.295997619628906,-2.9761881828308105
778,78.39999216,-17.230680465698242,-2.9393491744995117
779,78.49999215,-17.167816162109375,-2.904376983642578
780,78.59999214,-17.097375869750977,-2.8644866943359375
781,78.69999213,-17.04233741760254,-2.8317761421203613
782,78.79999212,-16.985958099365234,-2.7955942153930664
783,78.89999211,-16.922212600708008,-2.7530837059020996
784,78.9999921,-16.880414962768555,-2.7255446910858154
785,79.09999209,-16.832494735717773,-2.6937015056610107
786,79.19999208,-16.77115249633789,-2.654728412628174
787,79.29999207,-16.724199295043945,-2.6243903636932373
788,79.39999206,-16.675718307495117,-2.5936484336853027
789,79.49999205,-16.61954689025879,-2.5615551471710205
790,79.59999204,-16.55376434326172,-2.526172399520874
791,79.69999203,-16.50616455078125,-2.5005459785461426
792,79.79999202,-16.457176208496094,-2.4743356704711914
793,79.89999201,-16.391427993774414,-2.4443161487579346
794,79.999992,-16.31330108642578,-2.417527437210083
795,80.09999199,-16.22553253173828,-2.391763687133789
796,80.19999198,-16.161319732666016,-2.371858596801758
797,80.29999197,-16.09066390991211,-2.3477275371551514
798,80.39999196,-16.0111026763916,-2.3212058544158936
799,80.49999195,-15.943352699279785,-2.2967493534088135
800,80.59999194,-15.879800796508789,-2.27409291267395
801,80.69999193,-15.808823585510254,-2.247222423553467
802,80.79999192,-15.748740196228027,-2.2228310108184814
803,80.89999191,-15.689905166625977,-2.199542760848999
804,80.9999919,-15.625531196594238,-2.173959970474243
805,81.09999189,-15.577878952026367,-2.1548686027526855
806,81.19999188,-15.52691650390625,-2.1362411975860596
807,81.29999187,-15.460156440734863,-2.1137993335723877
808,81.39999186,-15.383539199829102,-2.0918922424316406
809,81.49999185,-15.3054838180542,-2.071074962615967
810,81.59999184,-15.245287895202637,-2.0573041439056396
811,81.69999183,-15.186182975769043,-2.0456719398498535
812,81.79999182,-15.108699798583984,-2.035015821456909
813,81.89999181,-15.01752758026123,-2.024392604827881
814,81.9999918,-14.949369430541992,-2.0154199600219727
815,82.09999179,-14.87411117553711,-2.00323224067688
816,82.19999178,-14.794912338256836,-1.987491488456726
817,82.29999177,-14.736021995544434,-1.9767545461654663
818,82.39999176,-14.6752290725708,-1.969174861907959
819,82.49999175,-14.599494934082031,-1.9605613946914673
820,82.59999174,-14.51416015625,-1.9507465362548828
821,82.69999173,-14.453537940979004,-1.9426805973052979
822,82.79999172,-14.388731956481934,-1.9322928190231323
823,82.89999171,-14.314901351928711,-1.9185550212860107
824,82.9999917,-14.264094352722168,-1.9095022678375244
825,83.09999169,-14.205653190612793,-1.9003877639770508
826,83.19999168,-14.13782024383545,-1.8938590288162231
827,83.29999167,-14.055606842041016,-1.8895283937454224
828,83.39999166,-13.979446411132812,-1.8862287998199463
829,83.49999165,-13.91830825805664,-1.8838138580322266
830,83.59999164,-13.838977813720703,-1.8801438808441162
831,83.69999163,-13.773683547973633,-1.8762176036834717
832,83.79999162,-13.711501121520996,-1.8710471391677856
833,83.89999161,-13.641007423400879,-1.862227201461792
834,83.9999916,-13.59129524230957,-1.8543434143066406
835,84.09999159,-13.539884567260742,-1.8474364280700684
836,84.19999158,-13.473740577697754,-1.844142198562622
837,84.29999157,-13.392797470092773,-1.8492082357406616
838,84.39999156,-13.304205894470215,-1.860323190689087
839,84.49999155,-13.207647323608398,-1.8727781772613525
840,84.59999154,-13.136321067810059,-1.881115436553955
841,84.69999153,-13.059225082397461,-1.8913575410842896
842,84.79999152,-12.96989631652832,-1.8993030786514282
843,84.89999151,-12.893796920776367,-1.900377869606018
844,84.9999915,-12.819458961486816,-1.9002397060394287
845,85.09999149,-12.758630752563477,-1.9018956422805786
846,85.19999148,-12.700868606567383,-1.9037578105926514
847,85.29999147,-12.63407039642334,-1.9054865837097168
848,85.39999146,-12.576284408569336,-1.9088197946548462
849,85.49999145,-12.517194747924805,-1.9159114360809326
850,85.59999144,-12.450255393981934,-1.9301117658615112
851,85.69999143,-12.36329460144043,-1.9504494667053223
852,85.79999142,-12.272250175476074,-1.97001314163208
853,85.89999141,-12.17782974243164,-1.9932950735092163
854,85.9999914,-12.075992584228516,-2.026148796081543
855,86.09999139,-11.972187995910645,-2.0626094341278076
856,86.19999138,-11.867079734802246,-2.0953762531280518
857,86.29999137,-11.78681755065918,-2.116685628890991
858,86.39999136,-11.696165084838867,-2.13957142829895
859,86.49999135,-11.603059768676758,-2.160588026046753
860,86.59999134,-11.529706954956055,-2.174931764602661
861,86.69999133,-11.453831672668457,-2.192121744155884
862,86.79999132,-11.367785453796387,-2.2176103591918945
863,86.89999131,-11.26363754272461,-2.2483885288238525
864,86.9999913,-11.177167892456055,-2.269876480102539
865,87.09999129,-11.094110488891602,-2.2858591079711914
866,87.19999128,-11.024840354919434,-2.2983968257904053
867,87.29999127,-10.95409870147705,-2.311173439025879
868,87.39999126,-10.87565803527832,-2.3298327922821045
869,87.49999125,-10.790718078613281,-2.3589935302734375
870,87.59999124,-10.695757865905762,-2.397066831588745
871,87.69999123,-10.593387603759766,-2.4374403953552246
872,87.79999122,-10.509529113769531,-2.4674103260040283
873,87.89999121,-10.425932884216309,-2.4979100227355957
874,87.9999912,-10.331452369689941,-2.5326592922210693
875,88.09999119,-10.230942726135254,-2.5746726989746094
876,88.19999118,-10.130495071411133,-2.619533061981201
877,88.29999117,-10.029227256774902,-2.662526845932007
878,88.39999116,-9.927519798278809,-2.704498767852783
879,88.49999115,-9.8262300491333,-2.7474465370178223
880,88.59999114,-9.723484992980957,-2.7869482040405273
881,88.69999113,-9.64486312866211,-2.81367826461792
882,88.79999112,-9.555510520935059,-2.8414769172668457
883,88.89999111,-9.468981742858887,-2.8627841472625732
884,88.9999911,-9.399653434753418,-2.8782036304473877
885,89.09999109,-9.3207426071167,-2.899273633956909
886,89.19999108,-9.23755931854248,-2.92452335357666
887,89.29999107,-9.15133285522461,-2.9497642517089844
888,89.39999106,-9.090330123901367,-2.9658870697021484
889,89.49999105,-9.02387809753418,-2.984936237335205
890,89.59999104,-8.941719055175781,-3.0137195587158203
891,89.69999103,-8.846940994262695,-3.0508975982666016
892,89.79999102,-8.75026798248291,-3.0897305011749268
893,89.89999101,-8.670421600341797,-3.1195602416992188
894,89.999991,-8.585771560668945,-3.149111747741699
895,90.09999099,-8.499279022216797,-3.1810741424560547
896,90.19999098,-8.405927658081055,-3.219313859939575
897,90.29999097,-8.307051658630371,-3.2604987621307373
898,90.39999096,-8.230307579040527,-3.2909693717956543
899,90.49999095,-8.156911849975586,-3.3216121196746826
900,90.59999094,-8.080008506774902,-3.355578899383545
901,90.69999093,-7.989055633544922,-3.401958465576172
902,90.79999092,-7.892466068267822,-3.454202890396118
903,90.89999091,-7.796069145202637,-3.5071985721588135
904,90.9999909,-7.698147773742676,-3.557539463043213
905,91.09999089,-7.5977091789245605,-3.602485179901123
906,91.19999088,-7.496628761291504,-3.645951747894287
907,91.29999087,-7.394352436065674,-3.686504364013672
908,91.39999086,-7.309082508087158,-3.7211341857910156
909,91.49999085,-7.226857662200928,-3.755171060562134
910,91.59999084,-7.126545429229736,-3.7927162647247314
911,91.69999083,-7.049020290374756,-3.8174855709075928
912,91.79999082,-6.96712589263916,-3.84445858001709
913,91.89999081,-6.875423908233643,-3.8819172382354736
914,91.9999908,-6.779448986053467,-3.931703805923462
915,92.09999079,-6.683253288269043,-3.9850776195526123
916,92.19999078,-6.586411476135254,-4.0372700691223145
917,92.29999077,-6.489068984985352,-4.088554382324219
918,92.39999076,-6.392539978027344,-4.141350746154785
919,92.49999075,-6.294309139251709,-4.191037654876709
920,92.59999074,-6.193480491638184,-4.235136985778809
921,92.69999073,-6.091957092285156,-4.277564525604248
922,92.79999072,-5.9894700050354,-4.3175458908081055
